#,Ejercicio,Trimestre,Tipo,"Nombre de la campaña o aviso institucional",Contratante,Solicitante,"Tiempo oficial","Monto total ejercido"
1,2018,enero-marzo,Campañas,"Predial de Enero/ Ciudad Más Limpia/ Becas Academicas",Chihuahua,Chihuahua,"Tiempo fiscal","$ 0.00"
2,2018,enero-marzo,Campañas,"Mencion De Becas Academicas",Chihuahua,Chihuahua,"Tiempo fiscal","$ 128,500.01"
3,2018,enero-marzo,Campañas,"Fiesta De Luz 2018",Chihuahua,Chihuahua,"Tiempo fiscal","$ 86,072.00"
4,2018,enero-marzo,Campañas,"Descuento del Predial Febrero",Chihuahua,Chihuahua,"Tiempo fiscal","$ 0.00"
5,2018,enero-marzo,Campañas,"CINTILLO DE 4X4 PUBLICACIÓN DE GRUTAS EN FAMILIA/ DIF",Chihuahua,Chihuahua,"Tiempo fiscal","$ 0.00"
6,2018,octubre-diciembre,Campañas,"SUR CORREDOR MC",Chihuahua,Chihuahua,"Tiempo fiscal","$ 0.00"
7,2018,enero-marzo,Campañas,"Becas de Transporte",Chihuahua,Chihuahua,"Tiempo fiscal","$ 344,714.08"
8,2018,enero-marzo,Campañas,"Activate Chihuahua",Chihuahua,Chihuahua,"Tiempo fiscal","$ 89,700.00"
9,2018,enero-marzo,Campañas," DE PREDIAL FEBRERO/   BECAS DE TRANSPORTE/  EXPOVOACION/  DISTRIBUIDOR  HOMERO/ INVITACION A DES DEL PREDIAL DE FEBRERO/  INVI A APROVECHAR LAS BECAS  DE TRANSPORTE",Chihuahua,Chihuahua,"Tiempo fiscal","$ 615,603.30"
10,2018,enero-marzo,Campañas,"PREDIAL/ TAREJTA DE LA MUJER  ",Chihuahua,Chihuahua,"Tiempo fiscal","$ 0.00"
11,2018,enero-marzo,Campañas,"PLATAFORMA ESCUDO MI COLONIA EN MI CASA  CLÍNICA CHINITA ",Chihuahua,Chihuahua,"Tiempo fiscal","$ 0.00"
12,2018,enero-marzo,Campañas,"Invitación de Pagar el Predial.",Chihuahua,Chihuahua,"Tiempo fiscal","$ 157,899.50"
13,2018,enero-marzo,Campañas,DRENAJE,Chihuahua,Chihuahua,"Tiempo fiscal","$ 0.00"
14,2018,enero-marzo,Campañas,"Desc. Del Predial Enero",Chihuahua,Chihuahua,"Tiempo fiscal","$ 0.00"
15,2018,enero-marzo,Campañas,"CAMPAÑA DESCUENTO  PREDIAL ",Chihuahua,Chihuahua,"Tiempo fiscal","$ 0.00"
16,2018,octubre-diciembre,Campañas,"PLAN DE DESARROLLO MUNICIPAL",Chihuahua,Chihuahua,"Tiempo fiscal","$ 2,059,786.48"
17,2018,enero-marzo,Campañas,"BECAS ACADÉMICAS ESCUDO ESCOLAR DARE VISTA EL CERRO GRANDE ",Chihuahua,Chihuahua,"Tiempo fiscal","$ 20,000.00"
18,2018,enero-marzo,Campañas,"2 Banner Vehículos Especiales DSPM/ Distribuidor Homero/ Grutas/ UACH C.",Chihuahua,Chihuahua,"Tiempo fiscal","$ 0.00"
19,2018,enero-marzo,Campañas,"Predial Desc.",Chihuahua,Chihuahua,"Tiempo fiscal","$ 39,890.00"
20,2018,enero-marzo,Campañas,"Pago de Predial de Enero/ Terjera de la Mujer",Chihuahua,Chihuahua,"Tiempo fiscal","$ 0.00"
21,2018,enero-marzo,Campañas,"Gaza Juventud",Chihuahua,Chihuahua,"Tiempo fiscal","$ 0.00"
22,2018,enero-marzo,Campañas,"DIST.  HOMERO PREVIO  ",Chihuahua,Chihuahua,"Tiempo fiscal","$ 404,643.80"
23,2018,enero-marzo,Campañas,"Convocatoría Parque 3 Presas/ Fideicomiso Parque 3 Presas",Chihuahua,Chihuahua,"Tiempo fiscal","$ 0.00"
24,2018,octubre-diciembre,Campañas,"XIMENA SARIÑANA ",Chihuahua,Chihuahua,"Tiempo fiscal","$ 0.00"
25,2018,enero-marzo,Campañas,"BECAS DE TRANSPORTE/ PREDIAL/ PREVIO AVISO DE LA CIERRES DE HOMERO/ EXPO-VOCACIÓN ",Chihuahua,Chihuahua,"Tiempo fiscal","$ 0.00"
26,2018,octubre-diciembre,Campañas,JUANES,Chihuahua,Chihuahua,"Tiempo fiscal","$ 0.00"
27,2018,enero-marzo,Campañas,"B. ACADÉMICAS RURALES/ ESCUDO ESCOLAR/ 911/ DARE/ VISTAS CERRO ",Chihuahua,Chihuahua,"Tiempo fiscal","$ 232,000.00"
28,2018,enero-marzo,Campañas," INVITACION DE APROVECHAR EL PREDIAL",Chihuahua,Chihuahua,"Tiempo fiscal","$ 0.00"
29,2018,octubre-diciembre,Campañas,"CARMELO TORRES FICH FICUU",Chihuahua,Chihuahua,"Tiempo fiscal","$ 0.00"
30,2019,abril-junio,Campañas,Vecinos,Chihuahua,Chihuahua,"Tiempo fiscal","$ 0.00"
31,2019,abril-junio,Campañas,"Predial Feria  de autismo predial",Chihuahua,Chihuahua,"Tiempo fiscal","$ 0.00"
32,2019,abril-junio,Campañas,"licitacion o.m. 18/19	",Chihuahua,Chihuahua,"Tiempo fiscal","$ 0.00"
33,2019,abril-junio,Campañas,"DARÉ Abril	",Chihuahua,Chihuahua,"Tiempo fiscal","$ 0.00"
34,2019,abril-junio,Campañas,"ap. mía  Marca el Cambio",Chihuahua,Chihuahua,"Tiempo fiscal","$ 0.00"
35,2018,enero-marzo,Campañas,"RADIO EXPOVOCACIÓN",Chihuahua,Chihuahua,"Tiempo fiscal","$ 0.00"
36,2018,enero-marzo,Campañas,"PUBLICACION DE CONFERENCIA AMBIENTAL/ DESPACHO DE LA ALCALDIA.",Chihuahua,Chihuahua,"Tiempo fiscal","$ 0.00"
37,2018,octubre-diciembre,Campañas,"FICH FICUU WILLIAM CLOSER, FICH FICCU OBRA DE TEATRO LA CENICIENTA, FICH FICUU PACO DE MARIAM MENNY CARRASCO FICH SIMPLY THEREE",Chihuahua,Chihuahua,"Tiempo de Estado","$ 0.00"
38,2018,octubre-diciembre,Campañas,"C. TORRES FICH FICUU",Chihuahua,Chihuahua,"Tiempo fiscal","$ 0.00"
39,2019,abril-junio,Campañas,"publicación de predial obra/ tesoreria, seccion especial	",Chihuahua,Chihuahua,"Tiempo fiscal","$ 0.00"
40,2019,abril-junio,Campañas,"Obras de descuentos del predial obras",Chihuahua,Chihuahua,"Tiempo fiscal","$ 0.00"
41,2019,abril-junio,Campañas,"Iluminamos V1",Chihuahua,Chihuahua,"Tiempo fiscal","$ 515,475.00"
42,2019,abril-junio,Campañas,"Conectar cámaras a pecuu , para tu seguridad",Chihuahua,Chihuahua,"Tiempo fiscal","$ 0.00"
43,2018,enero-marzo,Campañas,"VEHÍCULOS ESPECIALES DSPM/ DISTRIBUIDOR HOMERO/  GRUTAS / UACH C. COMUNITARIOS/ DRENAJE (26 FEBRERO AL 04 DE MARZO)",Chihuahua,Chihuahua,"Tiempo fiscal","$ 0.00"
44,2018,enero-marzo,Campañas,"PUBLICACIÓN DE LP 15/18 BIS- OFICIALIA MAYOR.",Chihuahua,Chihuahua,"Tiempo fiscal","$ 0.00"
45,2019,julio-septiembre,Campañas,"Tarjeta  de la mujer   conmeracion a la mujer	",Chihuahua,Chihuahua,"Tiempo fiscal","$ 232,001.00"
46,2018,octubre-diciembre,Campañas,"DESC/PAGO DEL PREDIAL NOVIEMBRE-DICIEMBRE",Chihuahua,Chihuahua,"Tiempo fiscal","$ 0.00"
47,2018,octubre-diciembre,Campañas,"ALERTA CLIMÁTICA/ C. METEOROLÓGICAS",Chihuahua,Chihuahua,"Tiempo fiscal","$ 0.00"
48,2019,abril-junio,Campañas,"Presupuesto participativo , iluminación",Chihuahua,Chihuahua,"Tiempo fiscal","$ 1,193,483.22"
49,2019,abril-junio,Campañas,lpom07/19,Chihuahua,Chihuahua,"Tiempo fiscal","$ 0.00"
50,2019,abril-junio,Campañas,"Feria autismo predial de marzo",Chihuahua,Chihuahua,"Tiempo fiscal","$ 0.00"
51,2019,abril-junio,Campañas,"becas luminarias",Chihuahua,Chihuahua,"Tiempo fiscal","$ 0.00"
52,2018,enero-marzo,Campañas,"Tarjetas/B. Excelencia B. Transporte/ Predial/ Marca el Cambio",Chihuahua,Chihuahua,"Tiempo fiscal","$ 0.00"
53,2018,enero-marzo,Campañas,"Publicación De Felicitacion Por el Día Del Niño/ Comunicación Social",Chihuahua,Chihuahua,"Tiempo fiscal","$ 0.00"
54,2019,julio-septiembre,Campañas,"Conmemoración  a la mujer	",Chihuahua,Chihuahua,"Tiempo fiscal","$ 0.00"
55,2018,enero-marzo,Campañas,"B. ACADEMICAS RURALES/ ESCUDO ESCOLAR/ 911/ DARE/ VISTAS CERRO GRANDE",Chihuahua,Chihuahua,"Tiempo fiscal","$ 0.00"
56,2018,enero-marzo,Campañas," MARCA EL CAMBIO / SPOT POLICIA ",Chihuahua,Chihuahua,"Tiempo fiscal","$ 88,000.00"
57,2018,enero-marzo,Campañas,"Predial de Enero/ Tarjera de la Mujer",Chihuahua,Chihuahua,"Tiempo fiscal","$ 0.00"
58,2019,octubre-diciembre,Campañas,"CONMEMORACIÓN A LA MUJER/ CONDONACIÓN DE RECARGOS PREDIAL",Chihuahua,Chihuahua,"Tiempo fiscal","$ 0.00"
59,2018,enero-marzo,Campañas,"Mencion De Becas De Transporte",Chihuahua,Chihuahua,"Tiempo fiscal","$ 172,116.01"
60,2018,enero-marzo,Campañas,"Fiesta De Luz 2018.",Chihuahua,Chihuahua,"Tiempo fiscal","$ 0.00"
61,2018,enero-marzo,Campañas,"Descuento Predial",Chihuahua,Chihuahua,"Tiempo fiscal","$ 0.00"
62,2018,enero-marzo,Campañas,"Ciudad Más Limpia",Chihuahua,Chihuahua,"Tiempo fiscal","$ 235,348.60"
63,2018,octubre-diciembre,Campañas,"TARJETA DE LA MUJER SORIANA",Chihuahua,Chihuahua,"Tiempo fiscal","$ 221,000.00"
64,2018,enero-marzo,Campañas,"BECAS DE TRANSPORTE  DE PREDIA/  DISTRIBUIDOR  PREVIO  HOMERO/  DISTRIBUIDOR  HOMERO/  ",Chihuahua,Chihuahua,"Tiempo fiscal","$ 105,892.00"
65,2018,enero-marzo,Campañas,"Aldama 1",Chihuahua,Chihuahua,"Tiempo fiscal","$ 170,810.00"
66,2018,enero-marzo,Campañas," DESC DEL PREDIAL ",Chihuahua,Chihuahua,"Tiempo fiscal","$ 662,452.83"
67,2018,enero-marzo,Campañas,"PREDIAL/ TARJETA DE LA MUJER ",Chihuahua,Chihuahua,"Tiempo fiscal","$ 140,000.00"
68,2018,enero-marzo,Campañas,"PREDIAL  AMPLIACIÓN CARRETERA CHIHUAHUA CIUDAD MAS LIMPIA ",Chihuahua,Chihuahua,"Tiempo fiscal","$ 14,560.00"
69,2018,enero-marzo,Campañas,"Invitación de Pago de Predial",Chihuahua,Chihuahua,"Tiempo fiscal","$ 0.00"
70,2018,enero-marzo,Campañas,"DSPM /HOMERO /GURTAS  /UACH C COMUNITARIO  ",Chihuahua,Chihuahua,"Tiempo fiscal","$ 25,000.00"
71,2018,enero-marzo,Campañas,"Desc. Del Predial Febrero",Chihuahua,Chihuahua,"Tiempo fiscal","$ 98,600.00"
72,2018,enero-marzo,Campañas,"Campaña El Predial",Chihuahua,Chihuahua,"Tiempo fiscal","$ 17,920.00"
73,2018,octubre-diciembre,Campañas,"PREDIAL DE NOVIEMBRE DICIEMBRE  2018",Chihuahua,Chihuahua,"Tiempo fiscal","$ 0.00"
74,2018,enero-marzo,Campañas,"Becas Académicas II",Chihuahua,Chihuahua,"Tiempo fiscal","$ 0.00"
75,2018,enero-marzo,Campañas,"3 AMPLIACIÓN SACRAMENTO/ MPIO CONECTA/ LIMPIANDO TU COL/ ACTIVATE CHIH",Chihuahua,Chihuahua,"Tiempo fiscal","$ 0.00"
76,2018,enero-marzo,Campañas,"Predial Desc./ Becas de Transporte",Chihuahua,Chihuahua,"Tiempo fiscal","$ 0.00"
77,2018,enero-marzo,Campañas,"PAGO DE PREDIAL DE FEBRERO ACADEMICAS RURALES/ ESCUDO ESCOLAR/ 911/ DARE/ VISTAS CERRO GRANDE ",Chihuahua,Chihuahua,"Tiempo fiscal","$ 69,800.01"
78,2018,enero-marzo,Campañas,GRUTAS,Chihuahua,Chihuahua,"Tiempo fiscal","$ 0.00"
79,2018,enero-marzo,Campañas,"Dist. Homero Previo",Chihuahua,Chihuahua,"Tiempo fiscal","$ 0.00"
80,2018,enero-marzo,Campañas,"DESC.  DEL PREDIAL",Chihuahua,Chihuahua,"Tiempo fiscal","$ 0.00"
81,2018,octubre-diciembre,Campañas,"XIMENA SARIÑANA FICH FICUU",Chihuahua,Chihuahua,"Tiempo fiscal","$ 0.00"
82,2018,enero-marzo,Campañas,"BECAS DEPORTIVAS ",Chihuahua,Chihuahua,"Tiempo fiscal","$ 2,219,352.58"
83,2018,octubre-diciembre,Campañas,"MENCIONES DE DESCENSO DE TEMPERATURAS",Chihuahua,Chihuahua,"Tiempo fiscal","$ 544,759.20"
84,2019,julio-septiembre,Campañas,"felicitación inf. cd Juárez	",Chihuahua,Chihuahua,"Tiempo fiscal","$ 0.00"
85,2018,octubre-diciembre,Campañas,"CIERRES DE LA CANTERA",Chihuahua,Chihuahua,"Tiempo fiscal","$ 0.00"
86,2019,abril-junio,Campañas,"Vecinos Abril",Chihuahua,Chihuahua,"Tiempo fiscal","$ 0.00"
87,2019,abril-junio,Campañas,"Predial Iluminación ",Chihuahua,Chihuahua,"Tiempo fiscal","$ 0.00"
88,2019,abril-junio,Campañas,"Licitación o.m. 22/19	",Chihuahua,Chihuahua,"Tiempo fiscal","$ 0.00"
89,2019,abril-junio,Campañas,"Daré Abril",Chihuahua,Chihuahua,"Tiempo fiscal","$ 0.00"
90,2019,abril-junio,Campañas,"app mía y marca el cambio	",Chihuahua,Chihuahua,"Tiempo fiscal","$ 0.00"
91,2018,enero-marzo,Campañas,"RADIO EXPOVOCACIÓN 2018",Chihuahua,Chihuahua,"Tiempo fiscal","$ 0.00"
92,2018,enero-marzo,Campañas,"PUBLICACION DE CONVOCATORIA AGUSTIN MELGAR 2018/ SECRETARIA DEL AYUNTAMIENTO. ",Chihuahua,Chihuahua,"Tiempo fiscal","$ 0.00"
93,2018,octubre-diciembre,Campañas,FICUU,Chihuahua,Chihuahua,"Tiempo fiscal","$ 721,250.88"
94,2018,octubre-diciembre,Campañas,"CÁMARAS DE PLATAFORMA ESCUDO",Chihuahua,Chihuahua,"Tiempo fiscal","$ 0.00"
95,2019,abril-junio,Campañas,"publicación de s.o.2/l.p./06/2019- imcfd	",Chihuahua,Chihuahua,"Tiempo fiscal","$ 0.00"
96,2019,abril-junio,Campañas,"Obras predial",Chihuahua,Chihuahua,"Tiempo fiscal","$ 0.00"
97,2019,abril-junio,Campañas,"Iniciamos la construcion turbo   las molestias  son temporales  y los beneficios permanentes",Chihuahua,Chihuahua,"Tiempo fiscal","$ 0.00"
98,2019,abril-junio,Campañas,"conéctate escudo chihuahua	",Chihuahua,Chihuahua,"Tiempo fiscal","$ 0.00"
99,2018,enero-marzo,Campañas,"VEHÍCULOS ESPECIALES DSPM/ DISTRIBUIDOR HOMERO/  GRUTAS/ UACH C. COMUNITARIOS/ DRENAJE ",Chihuahua,Chihuahua,"Tiempo fiscal","$ 108,330.67"
100,2018,enero-marzo,Campañas,"PUBLICACIÓN DE LP 26/18 BIS- OFICIALIA MAYOR.",Chihuahua,Chihuahua,"Tiempo fiscal","$ 0.00"
101,2019,julio-septiembre,Campañas,"Trabajando cumplimos . Servicios alas colonias	",Chihuahua,Chihuahua,"Tiempo fiscal","$ 103,998.40"
102,2018,octubre-diciembre,Campañas,"DESCUENTO DEL PREDIAL 2018",Chihuahua,Chihuahua,"Tiempo fiscal","$ 246,500.00"
103,2018,octubre-diciembre,Campañas,"ALERTA CLIMÁTICA/ CONDICIONES METEOROLÓGICAS",Chihuahua,Chihuahua,"Tiempo fiscal","$ 0.00"
104,2019,abril-junio,Campañas,"Presupuesto participativo juntos una mejor ciudad iluminemos mayo",Chihuahua,Chihuahua,"Tiempo fiscal","$ 418,420.00"
105,2019,abril-junio,Campañas,"luminaria	",Chihuahua,Chihuahua,"Tiempo fiscal","$ 0.00"
106,2019,abril-junio,Campañas,"feria autismo predial de marzo-2",Chihuahua,Chihuahua,"Tiempo fiscal","$ 0.00"
107,2019,abril-junio,Campañas,"Box	",Chihuahua,Chihuahua,"Tiempo fiscal","$ 0.00"
108,2018,enero-marzo,Campañas,"Tarjetas/B. Excelencia B. Transporte/ Predial/ Marca el Cambio.",Chihuahua,Chihuahua,"Tiempo fiscal","$ 0.00"
109,2018,enero-marzo,Campañas,"PUBLICACIÓN DE FERIA DE PRODUCTORES/ DIRECCION DE DESARROLLO ECONOMICO Y TURISMO",Chihuahua,Chihuahua,"Tiempo fiscal","$ 0.00"
110,2018,enero-marzo,Campañas,"INVITACION  DE  BECAS DE TRANSPORTE ",Chihuahua,Chihuahua,"Tiempo fiscal","$ 0.00"
111,2018,enero-marzo,Campañas,"DIST. HOMERO TEC",Chihuahua,Chihuahua,"Tiempo de Estado","$ 0.00"
112,2018,enero-marzo,Campañas,"DESC. DEL PREDIAL ",Chihuahua,Chihuahua,"Tiempo fiscal","$ 0.00"
113,2018,enero-marzo,Campañas,"Becas Transporte",Chihuahua,Chihuahua,"Tiempo fiscal","$ 69,250.00"
114,2018,octubre-diciembre,Campañas,"MENONITA FICH FICUU",Chihuahua,Chihuahua,"Tiempo fiscal","$ 0.00"
115,2018,enero-marzo,Campañas,"BANNER VEHÍCULOS ESPECIALES DSPM/ DISTRIBUIDOR HOMERO",Chihuahua,Chihuahua,"Tiempo fiscal","$ 41,666.67"
116,2018,enero-marzo,Campañas," PREDIAL  DE ENENRO/ CIUDAD MÁS LIMPIA/  BECAS ACADEMICAS/  INVITACION A APROVECHAR EL DES  DE ENERO DEL PREDIAL/  INVITACION DE PAGAR PREDIAL ",Chihuahua,Chihuahua,"Tiempo fiscal","$ 74,990.00"
117,2018,enero-marzo,Campañas,"Predial de Febrero.",Chihuahua,Chihuahua,"Tiempo fiscal","$ 301,200.00"
118,2019,octubre-diciembre,Campañas,"TARJETA  DE LA MUJER / CONMEMORACION A LA MUJER",Chihuahua,Chihuahua,"Tiempo fiscal","$ 0.00"
119,2018,enero-marzo,Campañas,"Mencion Del Predial",Chihuahua,Chihuahua,"Tiempo fiscal","$ 0.00"
120,2018,enero-marzo,Campañas,"Fiesta de Luz 2018/ Ampliación de Carretera Aldama Chihuahua",Chihuahua,Chihuahua,"Tiempo fiscal","$ 0.00"
121,2018,enero-marzo,Campañas,"Descuento Predial Enero",Chihuahua,Chihuahua,"Tiempo fiscal","$ 25,000.00"
122,2018,enero-marzo,Campañas,"Ciudad Más Limpia.",Chihuahua,Chihuahua,"Tiempo fiscal","$ 155,904.00"
123,2018,octubre-diciembre,Campañas,"TARJETA MC",Chihuahua,Chihuahua,"Tiempo fiscal","$ 0.00"
124,2018,enero-marzo,Campañas,"BECAS DE TRANSPORTE , PREDIAL, PREVIO AVISO DE LA CIERRES DE HOMERO,  EXPO-VOCACIÓN ",Chihuahua,Chihuahua,"Tiempo fiscal","$ 223,184.00"
125,2018,enero-marzo,Campañas,"Ampliación de Carretera Aldama",Chihuahua,Chihuahua,"Tiempo fiscal","$ 188,818.00"
126,2018,enero-marzo,Campañas," DESC DEL PREDIAL/ BECAS ACADEMICAS  RURALES/   ESCUDO ESCOLAR/  CORREDOR  VISTA CERRO GRANDE ",Chihuahua,Chihuahua,"Tiempo fiscal","$ 10,000.00"
127,2018,enero-marzo,Campañas,"PREDIAL  DE ENERO 2018",Chihuahua,Chihuahua,"Tiempo fiscal","$ 333,416.34"
128,2018,enero-marzo,Campañas,"Invitación de Pago de Predial.",Chihuahua,Chihuahua,"Tiempo fiscal","$ 67,199.72"
129,2018,enero-marzo,Campañas,"EXPO VOCACIÓN/ B. DEPORTIVAS/GACETA MUNICIPAL/ DESTILICHADER/HALCÓN",Chihuahua,Chihuahua,"Tiempo fiscal","$ 0.00"
130,2018,enero-marzo,Campañas,"Desc. Predial de Febrero",Chihuahua,Chihuahua,"Tiempo fiscal","$ 23,333.33"
131,2018,enero-marzo,Campañas,"Campaña Fiesta de Luz/ Ciudad Más Limpia",Chihuahua,Chihuahua,"Tiempo fiscal","$ 16,000.00"
132,2018,octubre-diciembre,Campañas,"PREDIAL DESC DE NOVIEMBRE/DICIEMBRE 2018",Chihuahua,Chihuahua,"Tiempo fiscal","$ 129,514.00"
133,2018,enero-marzo,Campañas,"BECAS ACADEMICAS RURALES/  ESCUDO ESCOLAR/ CORREDOR VISTA CERRO GRANDE ",Chihuahua,Chihuahua,"Tiempo fiscal","$ 28,900.00"
134,2018,enero-marzo,Campañas,"4 Carteleras En Formato Doble",Chihuahua,Chihuahua,"Tiempo fiscal","$ 0.00"
135,2018,enero-marzo,Campañas,"Predial Febrero",Chihuahua,Chihuahua,"Tiempo fiscal","$ 17,857.14"
136,2018,enero-marzo,Campañas,"PAGO DE PREDIAL VEHÍCULOS ESPECIALES DSPM/ DISTRIBUIDOR HOMERO/  GRUTAS / UACH C. COMUNITARIOS/ DRENAJE",Chihuahua,Chihuahua,"Tiempo fiscal","$ 79,800.00"
137,2019,julio-septiembre,Campañas,"Ficuu	",Chihuahua,Chihuahua,"Tiempo fiscal","$ 1,510,708.10"
138,2018,octubre-diciembre,Campañas,"CORREDOR MC",Chihuahua,Chihuahua,"Tiempo fiscal","$ 0.00"
139,2019,abril-junio,Campañas,"predial iluminemos chihuahua	",Chihuahua,Chihuahua,"Tiempo fiscal","$ 64,000.00"
140,2019,abril-junio,Campañas,"lp om 05/19	",Chihuahua,Chihuahua,"Tiempo fiscal","$ 0.00"
141,2019,abril-junio,Campañas,"Daré Presupuesto participativo ",Chihuahua,Chihuahua,"Tiempo fiscal","$ 0.00"
142,2019,abril-junio,Campañas,"app mía y marca el cambio conéctate escudo chihuahua	",Chihuahua,Chihuahua,"Tiempo fiscal","$ 151,799.91"
143,2018,enero-marzo,Campañas,"Spot Aldama 1",Chihuahua,Chihuahua,"Tiempo fiscal","$ 0.00"
144,2018,enero-marzo,Campañas,"Publicación de Corte de Enero del 2018/ Tesorería",Chihuahua,Chihuahua,"Tiempo fiscal","$ 0.00"
145,2018,octubre-diciembre,Campañas,"GENERICO - CUANDO NO SE SEÑALA EN LA FACTURA O NO EXISTE",Chihuahua,Chihuahua,"Tiempo de Estado","$ 0.00"
146,2018,octubre-diciembre,Campañas,"CÁMARAS DSPM, NAVIDAD, ICM",Chihuahua,Chihuahua,"Tiempo fiscal","$ 0.00"
147,2019,abril-junio,Campañas,"resultados proyectos productivos	",Chihuahua,Chihuahua,"Tiempo fiscal","$ 0.00"
148,2019,abril-junio,Campañas,"Para tu seguridad	",Chihuahua,Chihuahua,"Tiempo fiscal","$ 0.00"
149,2019,abril-junio,Campañas,"juntos cuidamos tu patrimonio - predial	",Chihuahua,Chihuahua,"Tiempo fiscal","$ 0.00"
150,2019,abril-junio,Campañas,"conmemoración de la mujer	",Chihuahua,Chihuahua,"Tiempo fiscal","$ 30,000.00"
151,2018,enero-marzo,Campañas,"PUBLICACIÓN DE LP 27/18 BIS- OFICIALIA MAYOR",Chihuahua,Chihuahua,"Tiempo fiscal","$ 0.00"
152,2018,enero-marzo,Campañas,"PREDIAL/ TARJETA DE MI APOYO/ APLICION MARCA EL CAMBIO ",Chihuahua,Chihuahua,"Tiempo fiscal","$ 56,664.00"
153,2018,octubre-diciembre,Campañas,"DESCUENTO DEL PREDIAL MES DE NOVIEMBRE-DICIEMBRE 2018",Chihuahua,Chihuahua,"Tiempo fiscal","$ 0.00"
154,2018,octubre-diciembre,Campañas,"ALERTAS CLIMÁTICAS",Chihuahua,Chihuahua,"Tiempo fiscal","$ 1,660,451.71"
155,2019,abril-junio,Campañas,"Prevención lluvias ",Chihuahua,Chihuahua,"Tiempo fiscal","$ 0.00"
156,2019,abril-junio,Campañas,"luminarias	",Chihuahua,Chihuahua,"Tiempo de Estado","$ 0.00"
157,2019,abril-junio,Campañas,"Feria autismo, predial de Marzo",Chihuahua,Chihuahua,"Tiempo fiscal","$ 0.00"
158,2019,abril-junio,Campañas,Camaras,Chihuahua,Chihuahua,"Tiempo fiscal","$ 175,700.00"
159,2018,enero-marzo,Campañas,"UACH COMUNITARIO",Chihuahua,Chihuahua,"Tiempo fiscal","$ 0.00"
160,2018,enero-marzo,Campañas,"PUBLICACIÓN DE FIESTA DE LUZ POR DIRECCIÓN DE DESARROLLO ECONÓMICO Y TURÍSTICO",Chihuahua,Chihuahua,"Tiempo fiscal","$ 0.00"
161,2018,enero-marzo,Campañas,"PREDIAL FEBRERO/  MARCA EL CAMBIO ",Chihuahua,Chihuahua,"Tiempo fiscal","$ 60,000.00"
162,2018,enero-marzo,Campañas,"Pago del Predial",Chihuahua,Chihuahua,"Tiempo fiscal","$ 71,760.00"
163,2018,enero-marzo,Campañas,"INVITACION A PAGAR LE PREDIAL",Chihuahua,Chihuahua,"Tiempo fiscal","$ 5,940.00"
164,2018,enero-marzo,Campañas,"DISTRIBUIDOR  HOMERO ",Chihuahua,Chihuahua,"Tiempo fiscal","$ 0.00"
165,2018,enero-marzo,Campañas,"Desc. del Predial de Enero",Chihuahua,Chihuahua,"Tiempo fiscal","$ 30,000.00"
166,2018,enero-marzo,Campañas,"BECAS/RURALES/ ESCUDO ESCOLAR/ 911/ DARE VISTAS CERRO GRANDE",Chihuahua,Chihuahua,"Tiempo fiscal","$ 0.00"
167,2018,octubre-diciembre,Campañas,"MIDNIGHT GENERATION FICH FICUU",Chihuahua,Chihuahua,"Tiempo fiscal","$ 0.00"
168,2018,enero-marzo,Campañas,"Beca Discapacidad/ Dirección de Desarrollo Humano y Educación",Chihuahua,Chihuahua,"Tiempo fiscal","$ 0.00"
169,2018,enero-marzo,Campañas," PREDIAL DE MARZO/ AMPLIACION CARRETERA  CHIHUAHUA ALDAMA/  CIUDAD MÁS LIMPIA / INVITACION A PPROVECHAR EL DESCUENTO  DEL PREDIAL  DE MARZO ",Chihuahua,Chihuahua,"Tiempo fiscal","$ 40,800.00"
170,2018,enero-marzo,Campañas,"Predial de Febrero/ Becas de Transporte",Chihuahua,Chihuahua,"Tiempo fiscal","$ 224,062.00"
171,2018,enero-marzo,Campañas,"MI TARJETA MI APOYO MI BIENESTAR ",Chihuahua,Chihuahua,"Tiempo fiscal","$ 20,000.00"
172,2018,enero-marzo,Campañas,"Fiesta de Luz/ Invitación A Pagar el Predial",Chihuahua,Chihuahua,"Tiempo fiscal","$ 700.00"
173,2018,enero-marzo,Campañas,"DESCUENTO PREDIAL ENERO 2018",Chihuahua,Chihuahua,"Tiempo fiscal","$ 45,200.00"
174,2018,enero-marzo,Campañas,"Ciudad Más Limpia/ Desc. del Predial",Chihuahua,Chihuahua,"Tiempo fiscal","$ 1,200.00"
175,2018,octubre-diciembre,Campañas,"TARJETA MI APOYO, MI BIENESTAR",Chihuahua,Chihuahua,"Tiempo fiscal","$ 0.00"
176,2018,enero-marzo,Campañas,"Becas de Transporte / Predial de Febrero/ Distribuidor Homero/ Expovocación",Chihuahua,Chihuahua,"Tiempo fiscal","$ 235,957.92"
177,2018,enero-marzo,Campañas,"Ampliación de Carretera Aldama Chihuahua/ Ciudad Más Limpia/ Aprovechar el Desc. del Predial",Chihuahua,Chihuahua,"Tiempo fiscal","$ 46,085.51"
178,2018,enero-marzo,Campañas," DISEÑO DEL DESC DEL PREDIAL ",Chihuahua,Chihuahua,"Tiempo fiscal","$ 86,999.99"
179,2018,enero-marzo,Campañas,"PREDIAL  DE ENERO/ CIUDAD MÁS LIMPIA/  BECAS  ACADEMICAS/  INVITACION A APROVECHAR EL DES   DE ENERO DEL PREDIAL/  INVITACION DE PAGAR PREDIAL ",Chihuahua,Chihuahua,"Tiempo fiscal","$ 0.00"
180,2018,enero-marzo,Campañas,"La Pelea de Box/ Ampliación Carretera Aldama",Chihuahua,Chihuahua,"Tiempo fiscal","$ 2,400.00"
181,2018,enero-marzo,Campañas,"Felicitaciones de Expo Chihuahua Despacho de la Alcaldía ",Chihuahua,Chihuahua,"Tiempo fiscal","$ 0.00"
182,2018,enero-marzo,Campañas,"Descuento De Predial Marzo",Chihuahua,Chihuahua,"Tiempo fiscal","$ 0.00"
183,2018,enero-marzo,Campañas,"Canje de Armas Durante El Mes de Marzo",Chihuahua,Chihuahua,"Tiempo fiscal","$ 53,333.33"
184,2018,octubre-diciembre,Campañas,"PREDIAL DESCUENTO",Chihuahua,Chihuahua,"Tiempo fiscal","$ 0.00"
185,2018,enero-marzo,Campañas,"Becas Academicas.",Chihuahua,Chihuahua,"Tiempo fiscal","$ 0.00"
186,2018,enero-marzo,Campañas,"7 Cartelera En Formato Doble En Diversos Puntos De La Ciudad",Chihuahua,Chihuahua,"Tiempo fiscal","$ 175,000.00"
187,2018,enero-marzo,Campañas," ACADEMICAS  RURALES/ ESCUDO ESCOLAR/ 911/ DARE/ VISTAS CERRO GRANDE",Chihuahua,Chihuahua,"Tiempo fiscal","$ 41,666.64"
188,2018,enero-marzo,Campañas,"Una Ciudad Mas Limpia",Chihuahua,Chihuahua,"Tiempo fiscal","$ 391,500.00"
189,2018,enero-marzo,Campañas,"PUBLICACIÓN DE FIESTA DE LUZ/ DIRECCIÓN DE DESARROLLO ECONÓMICO Y TURÍSTICO",Chihuahua,Chihuahua,"Tiempo fiscal","$ 0.00"
190,2019,julio-septiembre,Campañas,"GENERICO - CUANDO NO SE SEÑALA EN LA FACTURA O NO EXISTE 19",Chihuahua,Chihuahua,"Tiempo fiscal","$ 0.00"
191,2018,octubre-diciembre,Campañas,"CORREDOR MUNICIPIO DE CHIHUAHUA",Chihuahua,Chihuahua,"Tiempo fiscal","$ 0.00"
192,2019,abril-junio,Campañas,"Predial obras juntos , por tu seguridad ,becas",Chihuahua,Chihuahua,"Tiempo fiscal","$ 431,178.91"
193,2019,abril-junio,Campañas,"lp so2/lp/04/2019",Chihuahua,Chihuahua,"Tiempo fiscal","$ 0.00"
194,2019,abril-junio,Campañas,"De publicacion de los conscriptos de la clase 2001/ despacho de la alcaldia	",Chihuahua,Chihuahua,"Tiempo fiscal","$ 0.00"
195,2019,abril-junio,Campañas,"App mía y marca el cambio conectate escudo chihuahua",Chihuahua,Chihuahua,"Tiempo fiscal","$ 191,499.99"
196,2018,enero-marzo,Campañas,"SPOT BOX 10 DE MARZO",Chihuahua,Chihuahua,"Tiempo fiscal","$ 0.00"
197,2018,enero-marzo,Campañas,"PUBLICACION DE CORTE DE MES DE FEBRERO DE TESORERIA ",Chihuahua,Chihuahua,"Tiempo fiscal","$ 0.00"
198,2018,octubre-diciembre,Campañas,"GENÉRICO AYUNTAMIENTO 2018-2019 ",Chihuahua,Chihuahua,"Tiempo fiscal","$ 0.00"
199,2018,octubre-diciembre,Campañas,"CÁMARAS PLATAFORMA ESCUDO",Chihuahua,Chihuahua,"Tiempo fiscal","$ 0.00"
200,2019,abril-junio,Campañas,"Spot becas",Chihuahua,Chihuahua,"Tiempo fiscal","$ 0.00"
201,2019,abril-junio,Campañas,"Participación ciudadana	",Chihuahua,Chihuahua,"Tiempo fiscal","$ 0.00"
202,2019,abril-junio,Campañas,"Juntos por tu seguridad	",Chihuahua,Chihuahua,"Tiempo fiscal","$ 0.00"
203,2019,abril-junio,Campañas,"continuidad iluminamos mayo v1",Chihuahua,Chihuahua,"Tiempo fiscal","$ 66,671.00"
204,2018,enero-marzo,Campañas,"Publicación de LP Parque Tres Presas/ IMPE.",Chihuahua,Chihuahua,"Tiempo fiscal","$ 0.00"
205,2018,enero-marzo,Campañas,"Publicación Becas Rural/ Dirección de Desarrollo Rural",Chihuahua,Chihuahua,"Tiempo fiscal","$ 0.00"
206,2018,octubre-diciembre,Campañas,"DESCUENTO PREDIAL 2018",Chihuahua,Chihuahua,"Tiempo fiscal","$ 0.00"
207,2018,octubre-diciembre,Campañas,"ALEX SINTEKFIC FICUU",Chihuahua,Chihuahua,"Tiempo fiscal","$ 0.00"
208,2019,abril-junio,Campañas,"Prevención lluvias Marca el cambio",Chihuahua,Chihuahua,"Tiempo fiscal","$ 24,480.00"
209,2019,abril-junio,Campañas,"luminarias  juntos una mejor ciudad	",Chihuahua,Chihuahua,"Tiempo fiscal","$ 0.00"
210,2019,abril-junio,Campañas,"Gobierno Municipal en tu celular ""Prevención del delito"" ",Chihuahua,Chihuahua,"Tiempo fiscal","$ 0.00"
211,2019,abril-junio,Campañas,"Campaña Dare",Chihuahua,Chihuahua,"Tiempo fiscal","$ 0.00"
212,2018,enero-marzo,Campañas,"Predial Marzo",Chihuahua,Chihuahua,"Tiempo fiscal","$ 43,519.36"
213,2018,enero-marzo,Campañas,"PAGO DEL PREDIAL  DE ENERO ",Chihuahua,Chihuahua,"Tiempo fiscal","$ 33,332.00"
214,2018,enero-marzo,Campañas,"INVITACION AL DESCUENTO DE PAGO DEL PREDIAL  DE MARZO ",Chihuahua,Chihuahua,"Tiempo fiscal","$ 0.00"
215,2018,enero-marzo,Campañas,"Distribuidor Homero ",Chihuahua,Chihuahua,"Tiempo fiscal","$ 0.00"
216,2018,enero-marzo,Campañas,"Desc. del Predial de Febrero.",Chihuahua,Chihuahua,"Tiempo fiscal","$ 37,200.00"
217,2018,enero-marzo,Campañas,"Benito Juárez/ Becas de Adulto Mayor",Chihuahua,Chihuahua,"Tiempo fiscal","$ 0.00"
218,2018,octubre-diciembre,Campañas,NORTE,Chihuahua,Chihuahua,"Tiempo fiscal","$ 0.00"
219,2018,enero-marzo,Campañas,"BECAS   RURALES/ ESCUDO ESCOLAR/ 911/ DARE/ VISTAS CERRO GRANDE",Chihuahua,Chihuahua,"Tiempo fiscal","$ 47,400.00"
220,2018,enero-marzo,Campañas," PREDIAL, PELEA,BOX, DIA DE LA MUJER  CIUDAD FIESTA  LUZ AMPLIACIÓN  CARRETERA ALDMA ",Chihuahua,Chihuahua,"Tiempo fiscal","$ 305,735.98"
221,2018,enero-marzo,Campañas,"Predial de Marzo",Chihuahua,Chihuahua,"Tiempo fiscal","$ 0.00"
222,2018,enero-marzo,Campañas,"Municipio De Conecta",Chihuahua,Chihuahua,"Tiempo fiscal","$ 0.00"
223,2018,enero-marzo,Campañas,"GACETA MUNICIPAL",Chihuahua,Chihuahua,"Tiempo fiscal","$ 0.00"
224,2018,enero-marzo,Campañas,"DESTILICHADERO ",Chihuahua,Chihuahua,"Tiempo fiscal","$ 0.00"
225,2018,enero-marzo,Campañas,"Ciudad Más Limpia/ Fiesta de Luz",Chihuahua,Chihuahua,"Tiempo fiscal","$ 146,199.87"
226,2018,octubre-diciembre,Campañas,"TARJETA MI APOYO, MI BIENESTAR, DESCUENTO EN SORIANA",Chihuahua,Chihuahua,"Tiempo fiscal","$ 0.00"
227,2018,enero-marzo,Campañas,"Becas de Transporte / Predial de Febrero/ Distribuidor Homero/ Expovocación.",Chihuahua,Chihuahua,"Tiempo fiscal","$ 128,238.00"
228,2018,enero-marzo,Campañas,"Ampliación de Carretera Aldama.",Chihuahua,Chihuahua,"Tiempo fiscal","$ 0.00"
229,2018,enero-marzo,Campañas," DISTRIBUIDOR HOMERO ",Chihuahua,Chihuahua,"Tiempo fiscal","$ 149,610.09"
230,2018,enero-marzo,Campañas,"PREDIAL DE  ENERO/ CIUDAD MÁS LIMPIA /BECAS ACADEMICAS ",Chihuahua,Chihuahua,"Tiempo fiscal","$ 317,724.00"
231,2018,enero-marzo,Campañas,"Limpiando Tu Colonia",Chihuahua,Chihuahua,"Tiempo fiscal","$ 25,000.00"
232,2018,enero-marzo,Campañas,"Feria de la Salud",Chihuahua,Chihuahua,"Tiempo fiscal","$ 0.00"
233,2018,enero-marzo,Campañas,"DESCUENTO DEL PREDIAL",Chihuahua,Chihuahua,"Tiempo fiscal","$ 0.00"
234,2018,enero-marzo,Campañas,"Chihuahua Emprende/ Destilichadero",Chihuahua,Chihuahua,"Tiempo fiscal","$ 0.00"
235,2018,octubre-diciembre,Campañas,"REGALA UN ABRIGO",Chihuahua,Chihuahua,"Tiempo fiscal","$ 0.00"
236,2018,enero-marzo,Campañas,"BECAS ACADEMICAS/ ESCUDO ESCOLAR  ",Chihuahua,Chihuahua,"Tiempo fiscal","$ 0.00"
237,2018,enero-marzo,Campañas,"7 Carteleras de Lona Full Color Con Instalación y Retiro en Espectacular",Chihuahua,Chihuahua,"Tiempo fiscal","$ 99,999.96"
238,2018,enero-marzo,Campañas," ACADEMICAS RURALES/ ESCUDO ESCOLAR/ 911/ DARE/ VISTAS CERRO",Chihuahua,Chihuahua,"Tiempo fiscal","$ 0.00"
239,2018,octubre-diciembre,Campañas,"ALEX SYNTEK",Chihuahua,Chihuahua,"Tiempo fiscal","$ 0.00"
240,2019,abril-junio,Campañas,"PROG, APOYO DESENDIENTES DE VETERANOS DE LA REVOLUCION",Chihuahua,Chihuahua,"Tiempo fiscal","$ 0.00"
241,2019,abril-junio,Campañas,"Marca Cambio	",Chihuahua,Chihuahua,"Tiempo fiscal","$ 0.00"
242,2019,abril-junio,Campañas,"Iluminación	",Chihuahua,Chihuahua,"Tiempo fiscal","$ 0.00"
243,2019,abril-junio,Campañas,"Chihuahua es tu ciudad disfrutala	",Chihuahua,Chihuahua,"Tiempo fiscal","$ 0.00"
244,2018,enero-marzo,Campañas,"Una Ciudad Más Limpia.",Chihuahua,Chihuahua,"Tiempo fiscal","$ 0.00"
245,2018,enero-marzo,Campañas,"Publicación de Información de Facturación/ Tesorería",Chihuahua,Chihuahua,"Tiempo fiscal","$ 0.00"
246,2019,julio-septiembre,Campañas,"Logros , trabajando cumplimos	",Chihuahua,Chihuahua,"Tiempo fiscal","$ 0.00"
247,2018,octubre-diciembre,Campañas,"CORREDOR SUR MC",Chihuahua,Chihuahua,"Tiempo fiscal","$ 0.00"
248,2018,octubre-diciembre,Campañas,"ABRIGA UN CORAZÓN",Chihuahua,Chihuahua,"Tiempo fiscal","$ 0.00"
249,2019,abril-junio,Campañas,"Predial obras juntos , por tu seguridad ,becas predial obras",Chihuahua,Chihuahua,"Tiempo fiscal","$ 102,000.00"
250,2019,abril-junio,Campañas,"lp08/19	",Chihuahua,Chihuahua,"Tiempo fiscal","$ 0.00"
251,2019,abril-junio,Campañas,"Des del predial",Chihuahua,Chihuahua,"Tiempo fiscal","$ 200,000.00"
252,2019,abril-junio,Campañas,Becas,Chihuahua,Chihuahua,"Tiempo fiscal","$ 654,581.67"
253,2018,enero-marzo,Campañas,"TARJETA  MI APOYO   MI BIENESTAR",Chihuahua,Chihuahua,"Tiempo fiscal","$ 880,857.14"
254,2018,enero-marzo,Campañas,"PUBLICACIÓN DE ESCUDO SEMANA SANTA/ DIRECCION DE SEGURIDAD PUBLICA MUNICIPAL",Chihuahua,Chihuahua,"Tiempo fiscal","$ 0.00"
255,2018,octubre-diciembre,Campañas,"CAMPAÑA DEL PREDIAL DE DICIEMBRE 2018",Chihuahua,Chihuahua,"Tiempo fiscal","$ 0.00"
256,2019,abril-junio,Campañas,"Turbo  glorietas	",Chihuahua,Chihuahua,"Tiempo fiscal","$ 2,001,629.60"
257,2019,abril-junio,Campañas,periférico,Chihuahua,Chihuahua,"Tiempo fiscal","$ 2,226,330.00"
258,2019,abril-junio,Campañas,"juntos una mejor ciudad	",Chihuahua,Chihuahua,"Tiempo fiscal","$ 0.00"
259,2019,abril-junio,Campañas,"conv emprendedores	",Chihuahua,Chihuahua,"Tiempo fiscal","$ 0.00"
260,2018,enero-marzo,Campañas,"Publicación De Pelea De Box Argentina VS México/ Despacho de la Alcaldia",Chihuahua,Chihuahua,"Tiempo fiscal","$ 0.00"
261,2018,enero-marzo,Campañas,"PUBLICACIÓN DE ACUERDO DE ENTREGA DE MEDALLA BENITO JUÁREZ/ SECRETARIA DEL AYUNTAMIENTO",Chihuahua,Chihuahua,"Tiempo fiscal","$ 0.00"
262,2018,octubre-diciembre,Campañas,"DESVÍO PUENTE VEHÍCULAR FRESNO ",Chihuahua,Chihuahua,"Tiempo fiscal","$ 350,399.99"
263,2018,enero-marzo,Campañas,"7 DE MARZO DIA INTER DE LA MUJER",Chihuahua,Chihuahua,"Tiempo fiscal","$ 0.00"
264,2018,enero-marzo,Campañas," ACADEMICAS RURALES/ ESCUDO ESCOLAR/ 911/ DARE/ VISTAS CERRO GRANDE ",Chihuahua,Chihuahua,"Tiempo fiscal","$ 0.00"
265,2018,enero-marzo,Campañas,"PREDIAL/ BECAS DE TRANSPORTE/  CHIHUAHUA APRENDE/  GAZA  JUVENTUD/ BECAS  DE DISCAPACIDAD ",Chihuahua,Chihuahua,"Tiempo fiscal","$ 352,150.00"
266,2018,enero-marzo,Campañas,"PAGO PREDIAL ENERO/ VEHICULOS ESPECIALES DSPM/ DISTRIBUDOR HOMERO  ",Chihuahua,Chihuahua,"Tiempo fiscal","$ 49,800.01"
267,2018,enero-marzo,Campañas,"Invitación de Aprovechar el Predial de Enero",Chihuahua,Chihuahua,"Tiempo fiscal","$ 5,670.00"
268,2018,enero-marzo,Campañas,"Distribuidor Homero Predial",Chihuahua,Chihuahua,"Tiempo fiscal","$ 0.00"
269,2018,enero-marzo,Campañas,"Desc. Del Predial del Mes de Enero",Chihuahua,Chihuahua,"Tiempo fiscal","$ 0.00"
270,2018,enero-marzo,Campañas,"BOX 10 DE MARZO",Chihuahua,Chihuahua,"Tiempo fiscal","$ 282,176.47"
271,2018,octubre-diciembre,Campañas,NORTEC,Chihuahua,Chihuahua,"Tiempo fiscal","$ 0.00"
272,2018,enero-marzo,Campañas,"BECAS   TRANSPORTE / ESCUDO ESCOLAR/ 911/ DARE/ VISTAS CERRO GRANDE",Chihuahua,Chihuahua,"Tiempo fiscal","$ 63,200.00"
273,2018,enero-marzo,Campañas," PUBLICACION DE TOUR EX HACIENDAS DE CHIHUAHUA/ DIRECCION DE DESARROLLO ECONOMICO Y TURISTICO.",Chihuahua,Chihuahua,"Tiempo fiscal","$ 0.00"
274,2018,enero-marzo,Campañas,"PREDIAL DE MARZO/  CONFERENCIA  DIA INTERNACIONAL DE LA MUJER/   FIESTA DE LUZ/  APLIACIÓN DE CARRETERA ",Chihuahua,Chihuahua,"Tiempo fiscal","$ 105,176.81"
275,2018,enero-marzo,Campañas,"Pagar el Predial/ Fiesta de Luz",Chihuahua,Chihuahua,"Tiempo fiscal","$ 46,000.00"
276,2018,enero-marzo,Campañas,"GAZA  CIRCULACIÓN ",Chihuahua,Chihuahua,"Tiempo fiscal","$ 369,750.00"
277,2018,enero-marzo,Campañas,"DISEÑO DEL CANJE DE ARMAS ",Chihuahua,Chihuahua,"Tiempo fiscal","$ 17,400.00"
278,2018,enero-marzo,Campañas,"Ciudad Más Limpia/ Invitación de Aprovechar el Descuento del Predual",Chihuahua,Chihuahua,"Tiempo fiscal","$ 58,469.78"
279,2018,octubre-diciembre,Campañas,"TARJETA MUNICIPIO DE CHIHUAHUA",Chihuahua,Chihuahua,"Tiempo fiscal","$ 0.00"
280,2018,enero-marzo,Campañas,"Becas de Transporte / Predial de Marzo/ Distribuidor Homero/ Expovocación",Chihuahua,Chihuahua,"Tiempo fiscal","$ 118,445.28"
281,2018,octubre-diciembre,Campañas,"ILUMINEMOS LA VIDA (LUCHA CONTRA EL CÁNCER)",Chihuahua,Chihuahua,"Tiempo fiscal","$ 0.00"
282,2018,enero-marzo,Campañas,"AMPLIACIÓN EL SACRAMENTO",Chihuahua,Chihuahua,"Tiempo fiscal","$ 0.00"
283,2018,enero-marzo,Campañas," DSPM",Chihuahua,Chihuahua,"Tiempo fiscal","$ 50,000.00"
284,2018,enero-marzo,Campañas,"PREDIAL DE ENERO /APLICACIÓN MARCA EL CAMBIO ",Chihuahua,Chihuahua,"Tiempo fiscal","$ 0.00"
285,2018,enero-marzo,Campañas,LOGROS,Chihuahua,Chihuahua,"Tiempo fiscal","$ 462,000.00"
286,2018,enero-marzo,Campañas,"FERIA DE SALUD/ SIPINNA/ CIUDAD MÁS LIMPIA/ JUEVES EMPRENDEDOR/ FIESTA DE LUZ ",Chihuahua,Chihuahua,"Tiempo fiscal","$ 0.00"
287,2018,enero-marzo,Campañas,"Descuento del Predial del Més de Enero",Chihuahua,Chihuahua,"Tiempo fiscal","$ 1,200.00"
288,2018,enero-marzo,Campañas,"Chihuahua Emprende/ Gaza Juventud/ Becas Discapacidad/ C. Benito Juárez/ B. Adulto Mayor",Chihuahua,Chihuahua,"Tiempo fiscal","$ 0.00"
289,2018,octubre-diciembre,Campañas,ROCK,Chihuahua,Chihuahua,"Tiempo fiscal","$ 0.00"
290,2018,enero-marzo,Campañas,"Becas Academicas/ Pago del Predial/ Corredor de Vista Cerro Grande",Chihuahua,Chihuahua,"Tiempo fiscal","$ 50,000.00"
291,2018,octubre-diciembre,Campañas,"ESCUDO DISEÑO, ILUMINEMOS LA VIDA LUCHA CONTRA EL CÁNCER DE MAMA",Chihuahua,Chihuahua,"Tiempo fiscal","$ 0.00"
292,2018,octubre-diciembre,Campañas,"APLICACIÓN MARCA EL CAMBIO",Chihuahua,Chihuahua,"Tiempo fiscal","$ 426,700.00"
293,2019,abril-junio,Campañas,"programa comité deportivos	",Chihuahua,Chihuahua,"Tiempo fiscal","$ 0.00"
294,2019,abril-junio,Campañas,"Marca en el cambio ",Chihuahua,Chihuahua,"Tiempo fiscal","$ 1,289,599.06"
295,2019,abril-junio,Campañas,iluminamos,Chihuahua,Chihuahua,"Tiempo fiscal","$ 0.00"
296,2019,abril-junio,Campañas,"Cierre de Juan Pablo II",Chihuahua,Chihuahua,"Tiempo fiscal","$ 211,270.40"
297,2018,enero-marzo,Campañas,"VEHICULOS  ESPECIALES  DSPM/  DISTRIBUIDOR  HOMERO ",Chihuahua,Chihuahua,"Tiempo fiscal","$ 97,714.00"
298,2018,enero-marzo,Campañas,"Publicación de L.P. FPMTP/LP/02/2018-FIDEICOMISO Parque Metropolitano Parque 3 Presas",Chihuahua,Chihuahua,"Tiempo fiscal","$ 0.00"
299,2019,julio-septiembre,Campañas,"Logros de gobiernos municipal, tarjetas de mi  apoyo  mi bienestar	DA",Chihuahua,Chihuahua,"Tiempo fiscal","$ 4,944,750.00"
300,2018,octubre-diciembre,Campañas,"DESC DE PREDIAL DE NOVIEMBRE Y DICIEMBRE 2018",Chihuahua,Chihuahua,"Tiempo fiscal","$ 112,230.00"
301,2018,octubre-diciembre,Campañas,"ACOMPAÑAMIENTO BANCARIO DSPM",Chihuahua,Chihuahua,"Tiempo fiscal","$ 0.00"
302,2019,abril-junio,Campañas,"Predial turbo glorietas",Chihuahua,Chihuahua,"Tiempo fiscal","$ 164,609.80"
303,2019,abril-junio,Campañas,"lp09/19	",Chihuahua,Chihuahua,"Tiempo fiscal","$ 0.00"
304,2019,abril-junio,Campañas,"día de la libertad de expresión	",Chihuahua,Chihuahua,"Tiempo fiscal","$ 0.00"
305,2019,abril-junio,Campañas,"becas , predial iluminamos mayo",Chihuahua,Chihuahua,"Tiempo fiscal","$ 0.00"
306,2018,enero-marzo,Campañas,"TARJETA MI APOYO MI BIENESTAR /PREDIAL ",Chihuahua,Chihuahua,"Tiempo fiscal","$ 0.00"
307,2018,enero-marzo,Campañas,"PUBLICACION DE ESQUELA  JOSE GUADALUPE GONZALEZ MUZQUIZ/ COORDINADORA DE COMUNICACIÓN SOCIAL.",Chihuahua,Chihuahua,"Tiempo fiscal","$ 0.00"
308,2018,octubre-diciembre,Campañas,"CAMPAÑAS FICUU",Chihuahua,Chihuahua,"Tiempo fiscal","$ 247,139.00"
309,2019,abril-junio,Campañas,"Turbo Glorietas V1",Chihuahua,Chihuahua,"Tiempo fiscal","$ 0.00"
310,2019,abril-junio,Campañas,Predial,Chihuahua,Chihuahua,"Tiempo fiscal","$ 1,491,566.00"
311,2019,abril-junio,Campañas,"Juntos una mejor ciudad luminarias",Chihuahua,Chihuahua,"Tiempo fiscal","$ 86,400.00"
312,2019,abril-junio,Campañas,"conv. nacional obra publica n° 07-2019	",Chihuahua,Chihuahua,"Tiempo fiscal","$ 0.00"
313,2018,enero-marzo,Campañas,"PUBLICACIÓN DE TOUR EX HACIENDAS DE CHIHUAHUA/ DIRECCION DE DESARROLLO ECONOMICO Y TURISMO.",Chihuahua,Chihuahua,"Tiempo fiscal","$ 0.00"
314,2018,enero-marzo,Campañas,"PUBLICACIÓN DE BECAS ADULTO MAYOR/ PAAM.",Chihuahua,Chihuahua,"Tiempo fiscal","$ 0.00"
315,2018,enero-marzo,Campañas,"Fiesta de Luz",Chihuahua,Chihuahua,"Tiempo fiscal","$ 126,486.40"
316,2018,enero-marzo,Campañas,"DESCUENTO DEL PREDIAL DEL MES DE MARZO",Chihuahua,Chihuahua,"Tiempo fiscal","$ 2,660.00"
317,2018,enero-marzo,Campañas,"CHIHUAHUA EMPRENDE/ GAZA JUVENTUD/BECAS DISCAPACIDAD/C. BENITO JUÁREZ/ B. ADULTO ",Chihuahua,Chihuahua,"Tiempo fiscal","$ 232,000.00"
318,2018,octubre-diciembre,Campañas,"SEGURIDAD MC",Chihuahua,Chihuahua,"Tiempo fiscal","$ 0.00"
319,2018,enero-marzo,Campañas,"Becas Academicas/ Predial de Enero/ Ciudad Más Limpia",Chihuahua,Chihuahua,"Tiempo fiscal","$ 142,227.60"
320,2018,enero-marzo,Campañas,"7 DE MARZO DIA INTERN DE LA MUJER",Chihuahua,Chihuahua,"Tiempo fiscal","$ 127,646.40"
321,2018,enero-marzo,Campañas," BANNER DEL DESCUENTO  DEL PREDIAL ",Chihuahua,Chihuahua,"Tiempo fiscal","$ 0.00"
322,2018,enero-marzo,Campañas,"Predial/ Becas de Transporte/ Invitación A Pagar el Predial",Chihuahua,Chihuahua,"Tiempo fiscal","$ 66,300.57"
323,2018,enero-marzo,Campañas,"Pelea de Box/ Ampliación Carretera Aldama",Chihuahua,Chihuahua,"Tiempo fiscal","$ 0.00"
324,2018,enero-marzo,Campañas,"Invitación de Becas de Transporte",Chihuahua,Chihuahua,"Tiempo fiscal","$ 0.00"
325,2018,enero-marzo,Campañas,"Distribuidor Previo Homero",Chihuahua,Chihuahua,"Tiempo fiscal","$ 9,600.00"
326,2018,enero-marzo,Campañas,"Desc. del Predial del Mes de Enero 2018",Chihuahua,Chihuahua,"Tiempo fiscal","$ 0.00"
327,2018,enero-marzo,Campañas,"Campaña de Predial",Chihuahua,Chihuahua,"Tiempo fiscal","$ 41,550.00"
328,2018,octubre-diciembre,Campañas,"OBRAS MC",Chihuahua,Chihuahua,"Tiempo fiscal","$ 2,319,420.00"
329,2018,enero-marzo,Campañas,"Becas  Academicas",Chihuahua,Chihuahua,"Tiempo fiscal","$ 1,356,018.23"
330,2018,enero-marzo,Campañas," VEHICULOS  ESPECIALES  ",Chihuahua,Chihuahua,"Tiempo fiscal","$ 87,200.00"
331,2018,enero-marzo,Campañas,"PREDIAL DE MARZO/ AMPLIACION CARRETERA  CHIHUAHUA ALDAMA/  CIUDAD MAS LIMPIA/  INVITACION A PPROVECHAR EL DESCUENTO  DEL PREDIAL  DE MARZO ",Chihuahua,Chihuahua,"Tiempo fiscal","$ 0.00"
332,2018,enero-marzo,Campañas,"PAGO  PREDIAL",Chihuahua,Chihuahua,"Tiempo fiscal","$ 126,699.97"
333,2018,enero-marzo,Campañas,"Gaza Circulación",Chihuahua,Chihuahua,"Tiempo fiscal","$ 32,000.00"
334,2018,enero-marzo,Campañas,"Dist Hom Tec",Chihuahua,Chihuahua,"Tiempo fiscal","$ 0.00"
335,2018,enero-marzo,Campañas,"CONFERENCIA DEL DIA DE LA MUJER ",Chihuahua,Chihuahua,"Tiempo fiscal","$ 4,249.83"
336,2018,octubre-diciembre,Campañas,"TURBO GLORIETAS",Chihuahua,Chihuahua,"Tiempo fiscal","$ 0.00"
337,2018,enero-marzo,Campañas,"Becas de TRansporte.",Chihuahua,Chihuahua,"Tiempo fiscal","$ 0.00"
338,2018,octubre-diciembre,Campañas,"IMM SORIANA  TARJETA  DE MI BIEN  MI BIENESTAR",Chihuahua,Chihuahua,"Tiempo fiscal","$ 0.00"
339,2018,enero-marzo,Campañas,"AMPLIACIÓN SACRAMENTO/ MPIO CONECTA/ LIMPIANDO TU COL/ ACTIVATE CHIH/ 0",Chihuahua,Chihuahua,"Tiempo fiscal","$ 255,200.00"
340,2018,enero-marzo,Campañas," EXPOVOCACIÓN",Chihuahua,Chihuahua,"Tiempo fiscal","$ 0.00"
341,2018,enero-marzo,Campañas,"PREDIAL DE ENERO 2018",Chihuahua,Chihuahua,"Tiempo fiscal","$ 74,999.95"
342,2018,enero-marzo,Campañas,"LOGROS de la Administracion",Chihuahua,Chihuahua,"Tiempo fiscal","$ 0.00"
343,2018,octubre-diciembre,Campañas,"FELICES FIESTAS",Chihuahua,Chihuahua,"Tiempo de Estado","$ 0.00"
344,2018,octubre-diciembre,Campañas,"BECAS EXCELENCIA ",Chihuahua,Chihuahua,"Tiempo fiscal","$ 0.00"
345,2019,abril-junio,Campañas,"Programa Dare Abril ",Chihuahua,Chihuahua,"Tiempo fiscal","$ 0.00"
346,2019,abril-junio,Campañas,"Mes Mujer ",Chihuahua,Chihuahua,"Tiempo fiscal","$ 36,000.00"
347,2019,abril-junio,Campañas,"Iluminamos  V2",Chihuahua,Chihuahua,"Tiempo fiscal","$ 891,750.00"
348,2019,abril-junio,Campañas,"Cierre del Periferico",Chihuahua,Chihuahua,"Tiempo fiscal","$ 151,380.00"
349,2018,enero-marzo,Campañas,"VEHÍCULOS ESPECIALES DSPM/ DISTRIBUIDOR HOMERO",Chihuahua,Chihuahua,"Tiempo fiscal","$ 25,000.00"
350,2018,enero-marzo,Campañas,"Publicación de la Escuela de Policia/ Dirección de Seguridad Publica Municipal",Chihuahua,Chihuahua,"Tiempo fiscal","$ 0.00"
351,2019,julio-septiembre,Campañas,"seminario de marketing digital	",Chihuahua,Chihuahua,"Tiempo fiscal","$ 17,400.00"
352,2018,octubre-diciembre,Campañas,"DESC. DEL PREDIAL DE NOVIEMBRE-DICIEMBRE 2018",Chihuahua,Chihuahua,"Tiempo fiscal","$ 0.00"
353,2018,octubre-diciembre,Campañas,"ALERT. CLIMÁTICAS",Chihuahua,Chihuahua,"Tiempo fiscal","$ 0.00"
354,2019,abril-junio,Campañas,"Predial, descuento Marzo Gobierno municipal en tu celular",Chihuahua,Chihuahua,"Tiempo fiscal","$ 137,000.00"
355,2019,abril-junio,Campañas,"lpom04/19bis	",Chihuahua,Chihuahua,"Tiempo fiscal","$ 0.00"
356,2019,abril-junio,Campañas,"Felicitación 2do inf. de gobierno	",Chihuahua,Chihuahua,"Tiempo fiscal","$ 0.00"
357,2019,abril-junio,Campañas,"becas ,predial",Chihuahua,Chihuahua,"Tiempo fiscal","$ 151,380.00"
358,2018,enero-marzo,Campañas,"TARJETA/B. EXCELENCIA B. TRANSPORTE/ PREDIAL /MARCA EL CAMBIO",Chihuahua,Chihuahua,"Tiempo fiscal","$ 284,520.00"
359,2018,enero-marzo,Campañas,"PUBLICACIÓN DE FE DE ERRATAS/ DIRECCIÓN DE DESARROLLO HUMANO Y EDUCACIÓN.",Chihuahua,Chihuahua,"Tiempo fiscal","$ 0.00"
360,2018,octubre-diciembre,Campañas,"CAPITAL CITIES",Chihuahua,Chihuahua,"Tiempo fiscal","$ 0.00"
361,2019,abril-junio,Campañas,"Turboglorieta/App MIA y Marca el Cambio/ Becas/ Conectar Cámaras",Chihuahua,Chihuahua,"Tiempo fiscal","$ 1,003,000.00"
362,2019,abril-junio,Campañas,"Predial de Febrero ",Chihuahua,Chihuahua,"Tiempo fiscal","$ 0.00"
363,2019,abril-junio,Campañas,"Juntos una mejor escuela	",Chihuahua,Chihuahua,"Tiempo fiscal","$ 0.00"
364,2019,abril-junio,Campañas,"corte del mes de febrero	",Chihuahua,Chihuahua,"Tiempo fiscal","$ 0.00"
365,2018,enero-marzo,Campañas,"R. PREDIAL ",Chihuahua,Chihuahua,"Tiempo fiscal","$ 0.00"
366,2018,enero-marzo,Campañas,"PUBLICACIÓN DE BECAS DEPORTIVAS/ DCFD",Chihuahua,Chihuahua,"Tiempo fiscal","$ 0.00"
367,2018,enero-marzo,Campañas,"PREDIAL DE ENERO 2019",Chihuahua,Chihuahua,"Tiempo fiscal","$ 0.00"
368,2018,enero-marzo,Campañas,"Lona Full Color Con Instalacion Y Retiro En Espectacular",Chihuahua,Chihuahua,"Tiempo fiscal","$ 0.00"
369,2018,enero-marzo,Campañas,"FIESTA DE LUZ  EN CENTRO/ CIUDAD MÁS LIMPIA ",Chihuahua,Chihuahua,"Tiempo fiscal","$ 799.88"
370,2018,enero-marzo,Campañas,"Descuento del Predial Enero 2018",Chihuahua,Chihuahua,"Tiempo fiscal","$ 0.00"
371,2018,enero-marzo,Campañas,"CHIHUAHUA EMPRENDE/ GAZA JUVENTUD/BECAS DISCAPACIDAD/C.BENITO JUÁREZ/ B.ADULTO",Chihuahua,Chihuahua,"Tiempo fiscal","$ 0.00"
372,2018,octubre-diciembre,Campañas,"SUR CORREDOR M. CHIHUAHUA",Chihuahua,Chihuahua,"Tiempo fiscal","$ 0.00"
373,2018,enero-marzo,Campañas,"Becas de Discapacidad",Chihuahua,Chihuahua,"Tiempo fiscal","$ 0.00"
374,2018,enero-marzo,Campañas,"Academicas Rurales/ Escudo Escolar/ 911/DARE/ Visita Cerro Grande",Chihuahua,Chihuahua,"Tiempo fiscal","$ 0.00"
375,2018,enero-marzo,Campañas," CIRCULACION GAZA   DISTRIBUIDOR HOMERO ",Chihuahua,Chihuahua,"Tiempo fiscal","$ 29,000.00"
376,2018,enero-marzo,Campañas,"PREDIAL/ CIUDAD MÁS LIMPIA/ MARCA EL CAMBIO ",Chihuahua,Chihuahua,"Tiempo fiscal","$ 65,250.00"
377,2018,enero-marzo,Campañas,"Plana Publicación De Lista de Protectos Productivos/ Dirección De Desarrollo Economico y Turismo",Chihuahua,Chihuahua,"Tiempo fiscal","$ 0.00"
378,2018,enero-marzo,Campañas,"Invitacion De Pagar El Predial",Chihuahua,Chihuahua,"Tiempo fiscal","$ 0.00"
379,2018,enero-marzo,Campañas,"Distribuidor Vial Homero",Chihuahua,Chihuahua,"Tiempo fiscal","$ 34,450.00"
380,2018,enero-marzo,Campañas,"Desc. del Predial del Mes de Febrero 2018",Chihuahua,Chihuahua,"Tiempo fiscal","$ 0.00"
381,2018,enero-marzo,Campañas,"CAMPAÑA DE PREDIAL/  BECAS DE TRANSPORTE/  EXPOVOACION/  DISTRIBUIDOR  HOMERO/ INVITACION A DES DEL PREDIAL DE FEBRERO/  INVI A APROVECHAR LAS BECAS  DE TRANSPORTE- ",Chihuahua,Chihuahua,"Tiempo fiscal","$ 6,000.00"
382,2018,octubre-diciembre,Campañas,"PARTIDO CRUZ AZUL",Chihuahua,Chihuahua,"Tiempo fiscal","$ 0.00"
383,2018,enero-marzo,Campañas,"Becas Academicas",Chihuahua,Chihuahua,"Tiempo fiscal","$ 14,400.00"
384,2018,enero-marzo,Campañas,"1 PLANA DE PUBLICACIÓN DE EXPO FAMILIA  ",Chihuahua,Chihuahua,"Tiempo fiscal","$ 0.00"
385,2018,enero-marzo,Campañas,"PREDIAL DEL DESCUENTO DE MARZO 2018",Chihuahua,Chihuahua,"Tiempo fiscal","$ 58,483.33"
386,2018,enero-marzo,Campañas,"PAGO DE PREDIAL",Chihuahua,Chihuahua,"Tiempo fiscal","$ 12,500.00"
387,2018,enero-marzo,Campañas,"Gaza de Circulación ",Chihuahua,Chihuahua,"Tiempo fiscal","$ 0.00"
388,2018,enero-marzo,Campañas,"DIST HOME TEC ",Chihuahua,Chihuahua,"Tiempo fiscal","$ 0.00"
389,2018,enero-marzo,Campañas,"Conferencias del Día de la Mujer/ Ciudad Más Limpia",Chihuahua,Chihuahua,"Tiempo fiscal","$ 16,560.00"
390,2018,octubre-diciembre,Campañas,"WILLIAM CLOSE FICH FICUU",Chihuahua,Chihuahua,"Tiempo de Estado","$ 0.00"
391,2018,enero-marzo,Campañas,"BECAS DE TRANSPORTE/  CHIHUAHUA APRENDE  ",Chihuahua,Chihuahua,"Tiempo fiscal","$ 41,700.00"
392,2018,octubre-diciembre,Campañas,"IMM SORIANA TARJETA MI BIENESTAR",Chihuahua,Chihuahua,"Tiempo fiscal","$ 0.00"
393,2018,enero-marzo,Campañas,"Aprovechar el Descuento del Predial",Chihuahua,Chihuahua,"Tiempo fiscal","$ 70,407.77"
394,2018,enero-marzo,Campañas," HALCON  911 VISTA CERRO GRANDE ",Chihuahua,Chihuahua,"Tiempo fiscal","$ 0.00"
395,2018,enero-marzo,Campañas,"Radio Dist. Hom Tec",Chihuahua,Chihuahua,"Tiempo fiscal","$ 77,952.00"
396,2018,enero-marzo,Campañas,"Publicación de CANACINTRA/ DESPACHO DE LA ALCALDIA",Chihuahua,Chihuahua,"Tiempo fiscal","$ 0.00"
397,2018,octubre-diciembre,Campañas,"FICH FICUU 2018",Chihuahua,Chihuahua,"Tiempo fiscal","$ 482,850.00"
398,2018,octubre-diciembre,Campañas,"BOX BARRIO",Chihuahua,Chihuahua,"Tiempo fiscal","$ 0.00"
399,2019,abril-junio,Campañas,"proyectos productivos	",Chihuahua,Chihuahua,"Tiempo fiscal","$ 0.00"
400,2019,abril-junio,Campañas,"Mesa de análisis participación ciudadana	",Chihuahua,Chihuahua,"Tiempo fiscal","$ 0.00"
401,2019,abril-junio,Campañas,"iluminamos mayo",Chihuahua,Chihuahua,"Tiempo fiscal","$ 0.00"
402,2019,abril-junio,Campañas,"Conectar cámaras a Pecuu",Chihuahua,Chihuahua,"Tiempo fiscal","$ 0.00"
403,2018,enero-marzo,Campañas,"VEHÍCULOS ESPECIALES DSPM/ DISTRIBUIDOR HOMERO/  GRUTAS / UACH C. COMUNITARIOS/ DRENAJE",Chihuahua,Chihuahua,"Tiempo fiscal","$ 20,000.00"
404,2018,enero-marzo,Campañas,"Publicación De Licitación Publica 19/18 Bis-Oficialia Mayor",Chihuahua,Chihuahua,"Tiempo fiscal","$ 0.00"
405,2019,julio-septiembre,Campañas,"Tarjeta  de la mujer	",Chihuahua,Chihuahua,"Tiempo fiscal","$ 169,299.98"
406,2018,octubre-diciembre,Campañas,"DESC. PREDIAL",Chihuahua,Chihuahua,"Tiempo fiscal","$ 0.00"
407,2018,octubre-diciembre,Campañas,"ALERTA CLIMÁTICA ",Chihuahua,Chihuahua,"Tiempo fiscal","$ 0.00"
408,2019,abril-junio,Campañas,"Presupuesto participativo , iluminacion	",Chihuahua,Chihuahua,"Tiempo fiscal","$ 404,694.72"
409,2019,abril-junio,Campañas,"lpom06/19	",Chihuahua,Chihuahua,"Tiempo fiscal","$ 0.00"
410,2019,abril-junio,Campañas,"Felicitacion día del padre	",Chihuahua,Chihuahua,"Tiempo fiscal","$ 0.00"
411,2019,abril-junio,Campañas,"Becas Académicas zona rural",Chihuahua,Chihuahua,"Tiempo fiscal","$ 0.00"
412,2018,enero-marzo,Campañas,"Tarjetas Mi Apoyo Mi Bienestar",Chihuahua,Chihuahua,"Tiempo fiscal","$ 0.00"
413,2018,enero-marzo,Campañas,"Publicación de Felicitación Mamás/ Comunicación Social",Chihuahua,Chihuahua,"Tiempo fiscal","$ 0.00"
414,2018,octubre-diciembre,Campañas,"CAPITAL CITIES MC",Chihuahua,Chihuahua,"Tiempo fiscal","$ 0.00"
415,2019,abril-junio,Campañas,"Vecinos	",Chihuahua,Chihuahua,"Tiempo fiscal","$ 0.00"
416,2019,abril-junio,Campañas,"Predial de Mayo ",Chihuahua,Chihuahua,"Tiempo fiscal","$ 151,380.00"
417,2019,abril-junio,Campañas,"licitacion impe/lp/01/2019	",Chihuahua,Chihuahua,"Tiempo fiscal","$ 0.00"
418,2019,abril-junio,Campañas,Dare,Chihuahua,Chihuahua,"Tiempo fiscal","$ 156,332.00"
419,2019,abril-junio,Campañas,"1/4 publicaciones  de juntos cuidamos tu patrimonio predial / tesoreria	",Chihuahua,Chihuahua,"Tiempo fiscal","$ 0.00"
