#,Tipo,Subtipo,Nombre,Ejercicio,Trimestre,"Fecha de inicio del periodo que se informa","Fecha de termino del periodo que se informa","Sujeto Obligado Solicitante","Sujeto Obligado Contratante",Estatus
1,"Avisos Institucionales",Aclaraciones,PRUEBA,2018,enero-marzo,2018-01-03,2018-01-18,"Municipio de Chihuahua","Municipio de Chihuahua",Activo
2,Campañas,"Campaña de comunicación social","DISEÑO DEL CANJE DE ARMAS ",2018,enero-marzo,2018-01-01,2018-03-31,"Municipio de Chihuahua","Municipio de Chihuahua",Activo
3,Campañas,"Campaña de comunicación social","BECAS ACADÉMICAS ESCUDO ESCOLAR DARE VISTA EL CERRO GRANDE ",2018,enero-marzo,2018-01-01,2018-03-31,"Municipio de Chihuahua","Municipio de Chihuahua",Activo
4,Campañas,"Campaña de comunicación social","TARJETA/B. EXCELENCIA B. TRANSPORTE/ PREDIAL /MARCA EL CAMBIO",2018,enero-marzo,2018-01-01,2018-03-31,"Municipio de Chihuahua","Municipio de Chihuahua",Activo
5,Campañas,"Campaña de comunicación social","CHIHUAHUA EMPRENDE/ GAZA JUVENTUD/BECAS DISCAPACIDAD/C. BENITO JUÁREZ/ B. ADULTO ",2018,enero-marzo,2018-01-01,2018-03-31,"Municipio de Chihuahua","Municipio de Chihuahua",Activo
6,Campañas,"Campaña de comunicación social","CHIHUAHUA EMPRENDE/ GAZA JUVENTUD/BECAS DISCAPACIDAD/C.BENITO JUÁREZ/ B.ADULTO",2018,enero-marzo,2018-01-01,2018-03-31,"Municipio de Chihuahua","Municipio de Chihuahua",Activo
7,Campañas,"Campaña de comunicación social","DESCUENTO DEL PREDIAL",2018,enero-marzo,2018-01-01,2018-03-31,"Municipio de Chihuahua","Municipio de Chihuahua",Activo
8,Campañas,"Campaña de comunicación social","PREDIAL DEL DESCUENTO DE MARZO 2018",2018,enero-marzo,2018-01-01,2018-03-31,"Municipio de Chihuahua","Municipio de Chihuahua",Activo
9,Campañas,"Campaña de comunicación social",DRENAJE,2018,enero-marzo,2018-01-01,2018-03-31,"Municipio de Chihuahua","Municipio de Chihuahua",Activo
10,Campañas,"Campaña de comunicación social","DESC. DEL PREDIAL ",2018,enero-marzo,2018-01-01,2018-03-31,"Municipio de Chihuahua","Municipio de Chihuahua",Activo
11,Campañas,"Campaña de promoción y publicidad","CINTILLO DE 4X4 PUBLICACIÓN DE GRUTAS EN FAMILIA/ DIF",2018,enero-marzo,2018-01-01,2018-03-31,"Municipio de Chihuahua","Municipio de Chihuahua",Activo
12,Campañas,"Campaña de comunicación social","PUBLICACIÓN DE FE DE ERRATAS/ DIRECCIÓN DE DESARROLLO HUMANO Y EDUCACIÓN.",2018,enero-marzo,2018-01-01,2018-03-31,"Municipio de Chihuahua","Municipio de Chihuahua",Activo
13,Campañas,"Campaña de comunicación social","PREDIAL DE ENERO 2019",2018,enero-marzo,2018-01-01,2018-03-31,"Municipio de Chihuahua","Municipio de Chihuahua",Activo
14,"Avisos Institucionales",Avisos,"FIESTA  DE LUZ, LOGROS ",2018,enero-marzo,2018-01-01,2018-03-31,"Municipio de Chihuahua","Municipio de Chihuahua",Activo
15,Campañas,"Campaña de comunicación social","MI TARJETA MI APOYO MI BIENESTAR ",2018,enero-marzo,2018-01-01,2018-03-31,"Municipio de Chihuahua","Municipio de Chihuahua",Activo
16,Campañas,"Campaña de comunicación social","B. ACADÉMICAS RURALES/ ESCUDO ESCOLAR/ 911/ DARE/ VISTAS CERRO ",2018,enero-marzo,2018-01-01,2018-03-31,"Municipio de Chihuahua","Municipio de Chihuahua",Activo
17,Campañas,"Campaña de comunicación social","VEHÍCULOS ESPECIALES DSPM/ DISTRIBUIDOR HOMERO/  GRUTAS / UACH C. COMUNITARIOS/ DRENAJE (26 FEBRERO AL 04 DE MARZO)",2018,enero-marzo,2018-01-01,2018-03-31,"Municipio de Chihuahua","Municipio de Chihuahua",Activo
18,Campañas,"Campaña de promoción y publicidad","AMPLIACIÓN SACRAMENTO/ MPIO CONECTA/ LIMPIANDO TU COL/ ACTIVATE CHIH/ 0",2018,enero-marzo,2018-01-01,2018-03-31,"Municipio de Chihuahua","Municipio de Chihuahua",Activo
19,Campañas,"Campaña de comunicación social","Iluminamos  V2",2019,abril-junio,2019-04-01,2019-06-30,"Municipio de Chihuahua","Municipio de Chihuahua",Activo
20,Campañas,"Campaña de promoción y publicidad","FERIA DE SALUD/ SIPINNA/ CIUDAD MÁS LIMPIA/ JUEVES EMPRENDEDOR/ FIESTA DE LUZ ",2018,enero-marzo,2018-01-01,2018-01-31,"Municipio de Chihuahua","Municipio de Chihuahua",Activo
21,Campañas,"Campaña de promoción y publicidad","PLATAFORMA ESCUDO MI COLONIA EN MI CASA  CLÍNICA CHINITA ",2018,enero-marzo,2018-01-01,2018-03-31,"Municipio de Chihuahua","Municipio de Chihuahua",Activo
22,Campañas,"Campaña de comunicación social","DESCUENTO PREDIAL ENERO 2018",2018,enero-marzo,2018-01-01,2018-03-31,"Municipio de Chihuahua","Municipio de Chihuahua",Activo
23,Campañas,"Campaña de comunicación social",LOGROS,2018,enero-marzo,2018-01-01,2018-03-31,"Municipio de Chihuahua","Municipio de Chihuahua",Activo
24,Campañas,"Campaña de comunicación social","DESCUENTO DEL PREDIAL DEL MES DE MARZO",2018,enero-marzo,2018-01-01,2018-03-31,"Municipio de Chihuahua","Municipio de Chihuahua",Activo
25,Campañas,"Campaña de comunicación social","Cierre de Juan Pablo II",2019,abril-junio,2019-04-01,2019-06-30,"Municipio de Chihuahua","Municipio de Chihuahua",Activo
26,Campañas,"Campaña de promoción y publicidad","Predial Feria  de autismo predial",2019,abril-junio,2019-04-01,2019-06-30,"Municipio de Chihuahua","Municipio de Chihuahua",Activo
27,Campañas,"Campaña de comunicación social","Campaña El Predial",2018,enero-marzo,2018-01-01,2018-03-31,"Municipio de Chihuahua","Municipio de Chihuahua",Activo
28,Campañas,"Campaña de promoción y publicidad","Conectar cámaras a Pecuu",2019,abril-junio,2019-04-01,2019-06-30,"Municipio de Chihuahua","Municipio de Chihuahua",Activo
29,Campañas,"Campaña de comunicación social","Predial de Febrero ",2019,abril-junio,2019-04-01,2019-06-30,"Municipio de Chihuahua","Municipio de Chihuahua",Activo
30,Campañas,"Campaña de comunicación social",Predial,2019,abril-junio,2019-04-01,2019-06-30,"Municipio de Chihuahua","Municipio de Chihuahua",Activo
31,Campañas,"Campaña de comunicación social","Aldama 1",2018,enero-marzo,2018-01-01,2018-03-31,"Municipio de Chihuahua","Municipio de Chihuahua",Activo
32,Campañas,"Campaña de comunicación social","Cierre del Periferico",2019,abril-junio,2019-04-01,2019-06-30,"Municipio de Chihuahua","Municipio de Chihuahua",Activo
33,Campañas,"Campaña de promoción y publicidad","App mía y marca el cambio conectate escudo chihuahua",2019,abril-junio,2019-04-01,2019-06-30,"Municipio de Chihuahua","Municipio de Chihuahua",Activo
34,Campañas,"Campaña de comunicación social",Becas,2019,abril-junio,2019-04-01,2019-06-30,"Municipio de Chihuahua","Municipio de Chihuahua",Activo
35,Campañas,"Campaña de promoción y publicidad",Dare,2019,abril-junio,2019-04-01,2019-06-30,"Municipio de Chihuahua","Municipio de Chihuahua",Activo
36,"Avisos Institucionales",Licitaciones,"LICITACION IMPE/LP/02/2018BIS",2019,abril-junio,2019-04-01,2019-06-30,"Municipio de Chihuahua","Municipio de Chihuahua",Activo
37,"Avisos Institucionales",Licitaciones,"LICITACION IMPE/LP/06/2018BIS",2019,abril-junio,2019-04-01,2019-06-30,"Municipio de Chihuahua","Municipio de Chihuahua",Activo
38,Campañas,"Campaña de promoción y publicidad","becas ,predial",2019,abril-junio,2019-04-01,2019-06-30,"Municipio de Chihuahua","Municipio de Chihuahua",Activo
39,Campañas,"Campaña de promoción y publicidad","PREDIAL  AMPLIACIÓN CARRETERA CHIHUAHUA CIUDAD MAS LIMPIA ",2018,enero-marzo,2018-01-01,2018-03-31,"Municipio de Chihuahua","Municipio de Chihuahua",Activo
40,"Avisos Institucionales",Avisos,"Construcción de turboglorietas  ""oprime el botón  de pánico""",2019,abril-junio,2019-04-01,2019-06-30,"Municipio de Chihuahua","Municipio de Chihuahua",Activo
41,Campañas,"Campaña de promoción y publicidad","Predial, descuento Marzo Gobierno municipal en tu celular",2019,abril-junio,2019-04-01,2019-06-30,"Municipio de Chihuahua","Municipio de Chihuahua",Activo
42,Campañas,"Campaña de comunicación social",Vecinos,2019,abril-junio,2019-04-01,2019-06-30,"Municipio de Chihuahua","Municipio de Chihuahua",Activo
43,Campañas,"Campaña de comunicación social","R. PREDIAL ",2018,enero-marzo,2018-01-01,2018-03-31,"Municipio de Chihuahua","Municipio de Chihuahua",Activo
44,Campañas,"Campaña de promoción y publicidad","AMPLIACIÓN EL SACRAMENTO",2018,enero-marzo,2018-01-01,2018-03-31,"Municipio de Chihuahua","Municipio de Chihuahua",Activo
45,Campañas,"Campaña de comunicación social","Campaña Dare",2019,abril-junio,2019-04-01,2019-06-30,"Municipio de Chihuahua","Municipio de Chihuahua",Activo
46,Campañas,"Campaña de promoción y publicidad","Des del predial",2019,abril-junio,2019-04-01,2019-06-30,"Municipio de Chihuahua","Municipio de Chihuahua",Activo
47,Campañas,"Campaña de promoción y publicidad","1 PLANA DE PUBLICACIÓN DE EXPO FAMILIA  ",2018,enero-marzo,2018-01-01,2018-03-31,"Municipio de Chihuahua","Municipio de Chihuahua",Activo
48,"Avisos Institucionales",Avisos,"Construcción de turboglorietas  ",2019,abril-junio,2019-04-01,2019-06-30,"Municipio de Chihuahua","Municipio de Chihuahua",Activo
49,Campañas,"Campaña de promoción y publicidad","PUBLICACIÓN DE FIESTA DE LUZ/ DIRECCIÓN DE DESARROLLO ECONÓMICO Y TURÍSTICO",2018,enero-marzo,2018-01-01,2018-03-31,"Municipio de Chihuahua","Municipio de Chihuahua",Activo
50,Campañas,"Campaña de promoción y publicidad","Obras de descuentos del predial obras",2019,abril-junio,2019-04-01,2019-04-30,"Municipio de Chihuahua","Municipio de Chihuahua",Activo
51,Campañas,"Campaña de promoción y publicidad","PUBLICACIÓN DE FIESTA DE LUZ POR DIRECCIÓN DE DESARROLLO ECONÓMICO Y TURÍSTICO",2018,enero-marzo,2018-01-01,2018-03-31,"Municipio de Chihuahua","Municipio de Chihuahua",Activo
52,Campañas,"Campaña de promoción y publicidad","Predial de Mayo ",2019,abril-junio,2019-04-01,2019-06-30,"Municipio de Chihuahua","Municipio de Chihuahua",Activo
53,Campañas,"Campaña de promoción y publicidad","Predial obras juntos , por tu seguridad ,becas predial obras",2019,abril-junio,2019-04-01,2019-06-30,"Municipio de Chihuahua","Municipio de Chihuahua",Activo
54,Campañas,"Campaña de comunicación social","PUBLICACIÓN DE ACUERDO DE ENTREGA DE MEDALLA BENITO JUÁREZ/ SECRETARIA DEL AYUNTAMIENTO",2018,enero-marzo,2018-01-01,2018-03-31,"Municipio de Chihuahua","Municipio de Chihuahua",Activo
55,Campañas,"Campaña de promoción y publicidad","Predial turbo glorietas",2019,abril-junio,2019-04-01,2019-04-30,"Municipio de Chihuahua","Municipio de Chihuahua",Activo
56,Campañas,"Campaña de comunicación social","PAGO DE PREDIAL",2018,enero-marzo,2018-01-01,2018-03-31,"Municipio de Chihuahua","Municipio de Chihuahua",Activo
57,Campañas,"Campaña de comunicación social","Becas Académicas zona rural",2019,abril-junio,2019-04-01,2019-06-30,"Municipio de Chihuahua","Municipio de Chihuahua",Activo
58,Campañas,"Campaña de promoción y publicidad"," PREDIAL, PELEA,BOX, DIA DE LA MUJER  CIUDAD FIESTA  LUZ AMPLIACIÓN  CARRETERA ALDMA ",2018,enero-marzo,2018-01-01,2018-03-31,"Municipio de Chihuahua","Municipio de Chihuahua",Activo
59,"Avisos Institucionales","Padrones de beneficiarios","Resultados becas de discapacidad ",2019,abril-junio,2019-04-01,2019-06-30,"Municipio de Chihuahua","Municipio de Chihuahua",Activo
60,Campañas,"Campaña de promoción y publicidad","BECAS DE TRANSPORTE , PREDIAL, PREVIO AVISO DE LA CIERRES DE HOMERO,  EXPO-VOCACIÓN ",2018,enero-marzo,2018-01-01,2018-03-31,"Municipio de Chihuahua","Municipio de Chihuahua",Activo
61,Campañas,"Campaña de comunicación social","Presupuesto participativo juntos una mejor ciudad iluminemos mayo",2019,abril-junio,2019-03-01,2019-06-30,"Municipio de Chihuahua","Municipio de Chihuahua",Activo
62,Campañas,"Campaña de promoción y publicidad","BECAS DE TRANSPORTE/ PREDIAL/ PREVIO AVISO DE LA CIERRES DE HOMERO/ EXPO-VOCACIÓN ",2018,enero-marzo,2018-01-01,2018-03-31,"Municipio de Chihuahua","Municipio de Chihuahua",Activo
63,Campañas,"Campaña de comunicación social","BECAS/RURALES/ ESCUDO ESCOLAR/ 911/ DARE VISTAS CERRO GRANDE",2018,enero-marzo,2018-01-01,2018-03-31,"Municipio de Chihuahua","Municipio de Chihuahua",Activo
64,"Avisos Institucionales",Otros,"SEGUNDO INFORME DE GOBIERNO MUNICIPAL",2018,julio-septiembre,2018-07-01,2018-09-30,"Municipio de Chihuahua","Municipio de Chihuahua",Activo
65,Campañas,"Campaña de comunicación social","ILUMINEMOS LA VIDA (LUCHA CONTRA EL CÁNCER)",2018,octubre-diciembre,2018-10-01,2018-12-31,"Municipio de Chihuahua","Municipio de Chihuahua",Activo
66,Campañas,"Campaña de comunicación social","ALERTA CLIMÁTICA ",2018,octubre-diciembre,2018-10-01,2018-12-31,"Municipio de Chihuahua","Municipio de Chihuahua",Activo
67,Campañas,"Campaña de comunicación social","DESCUENTO DEL PREDIAL 2018",2018,octubre-diciembre,2018-10-01,2018-12-31,"Municipio de Chihuahua","Municipio de Chihuahua",Activo
68,Campañas,"Campaña de promoción y publicidad","GENÉRICO AYUNTAMIENTO 2018-2019 ",2018,octubre-diciembre,2018-10-01,2018-12-31,"Municipio de Chihuahua","Municipio de Chihuahua",Activo
69,Campañas,"Campaña de comunicación social","Predial obras juntos , por tu seguridad ,becas",2019,abril-junio,2019-04-01,2019-06-01,"Municipio de Chihuahua","Municipio de Chihuahua",Activo
70,"Avisos Institucionales",Convocatorias,"presupuesto participativo",2019,abril-junio,2019-04-01,2019-06-30,"Municipio de Chihuahua","Municipio de Chihuahua",Activo
71,Campañas,"Campaña de comunicación social","Spot becas",2019,abril-junio,2019-04-01,2019-04-30,"Municipio de Chihuahua","Municipio de Chihuahua",Activo
72,Campañas,"Campaña de comunicación social","Prevención lluvias ",2019,abril-junio,2019-04-01,2019-06-30,"Municipio de Chihuahua","Municipio de Chihuahua",Activo
73,"Avisos Institucionales",Avisos,"Turbo Glorietas",2019,abril-junio,2019-04-01,2019-06-30,"Municipio de Chihuahua","Municipio de Chihuahua",Activo
74,"Avisos Institucionales",Avisos,"Predial descuento de Marzo",2019,abril-junio,2019-04-01,2019-06-30,"Municipio de Chihuahua","Municipio de Chihuahua",Activo
75,"Avisos Institucionales",Avisos,"Predial ""Gracias iluminamos""",2019,abril-junio,2019-04-01,2019-06-30,"Municipio de Chihuahua","Municipio de Chihuahua",Activo
76,"Avisos Institucionales","Padrones de beneficiarios","Becas de discpacidad",2019,abril-junio,2019-04-01,2019-06-30,"Municipio de Chihuahua","Municipio de Chihuahua",Activo
77,"Avisos Institucionales",Avisos,"Descuentos del predial de Febrero",2019,abril-junio,2019-04-01,2019-06-30,"Municipio de Chihuahua","Municipio de Chihuahua",Activo
78,"Avisos Institucionales","Padrones de beneficiarios",Becas,2019,abril-junio,2019-04-01,2019-06-30,"Municipio de Chihuahua","Municipio de Chihuahua",Activo
79,"Avisos Institucionales",Avisos,"Predial, luminarias turbo glorietas",2019,abril-junio,2019-04-01,2019-06-30,"Municipio de Chihuahua","Municipio de Chihuahua",Activo
80,"Avisos Institucionales","Padrones de beneficiarios","Beneficiarios de becas ",2019,abril-junio,2019-04-01,2019-06-30,"Municipio de Chihuahua","Municipio de Chihuahua",Activo
81,"Avisos Institucionales",Avisos,"Predial Obras",2019,abril-junio,2019-04-01,2019-06-30,"Municipio de Chihuahua","Municipio de Chihuahua",Activo
82,Campañas,"Campaña de comunicación social","Turbo Glorietas V1",2019,abril-junio,2019-04-01,2019-06-30,"Municipio de Chihuahua","Municipio de Chihuahua",Activo
83,"Avisos Institucionales","Padrones de beneficiarios","Becas de transporte",2019,abril-junio,2019-04-01,2019-06-30,"Municipio de Chihuahua","Municipio de Chihuahua",Activo
84,Campañas,"Campaña de comunicación social","Presupuesto participativo , iluminación",2019,abril-junio,2019-04-01,2019-06-30,"Municipio de Chihuahua","Municipio de Chihuahua",Activo
85,"Avisos Institucionales",Avisos,"Iniciamos la construcción turbo",2019,abril-junio,2019-04-01,2019-06-30,"Municipio de Chihuahua","Municipio de Chihuahua",Activo
86,"Avisos Institucionales",Avisos,"Predial obras / predial descuento Marzo/ App MIA y Marca el Cambio/Turboglorietas/ Conectar Cámaras/Prevención Lluvias",2019,abril-junio,2019-04-01,2019-06-30,"Municipio de Chihuahua","Municipio de Chihuahua",Activo
87,"Avisos Institucionales",Avisos,"Predial Marzo ",2019,abril-junio,2019-04-01,2019-06-30,"Municipio de Chihuahua","Municipio de Chihuahua",Activo
88,"Avisos Institucionales","Padrones de beneficiarios","Becas académicas ",2019,abril-junio,2019-04-01,2019-06-30,"Municipio de Chihuahua","Municipio de Chihuahua",Activo
89,Campañas,"Campaña de comunicación social","Conectar cámaras a pecuu , para tu seguridad",2019,abril-junio,2019-04-01,2019-06-30,"Municipio de Chihuahua","Municipio de Chihuahua",Activo
90,"Avisos Institucionales",Avisos,"Turbo Glorietas, predial ",2019,abril-junio,2019-04-01,2019-06-30,"Municipio de Chihuahua","Municipio de Chihuahua",Activo
91,"Avisos Institucionales",Avisos,"Turbbo Glorietas",2019,abril-junio,2019-04-01,2019-06-30,"Municipio de Chihuahua","Municipio de Chihuahua",Activo
92,Campañas,"Campaña de comunicación social","Invitacion De Pagar El Predial",2018,enero-marzo,2018-01-01,2018-03-31,"Municipio de Chihuahua","Municipio de Chihuahua",Activo
93,Campañas,"Campaña de comunicación social","Turboglorieta/App MIA y Marca el Cambio/ Becas/ Conectar Cámaras",2019,abril-junio,2019-04-01,2019-06-30,"Municipio de Chihuahua","Municipio de Chihuahua",Activo
94,"Avisos Institucionales",Aclaraciones,"FE DE ERRATAS BECAS ACADEMICAS",2019,abril-junio,2019-04-01,2019-06-30,"Municipio de Chihuahua","Municipio de Chihuahua",Activo
95,Campañas,"Campaña de promoción y publicidad","Feria autismo predial de marzo",2019,abril-junio,2019-04-01,2019-06-30,"Municipio de Chihuahua","Municipio de Chihuahua",Activo
96,"Avisos Institucionales",Avisos,"Becas Predial",2019,abril-junio,2019-04-01,2019-06-30,"Municipio de Chihuahua","Municipio de Chihuahua",Activo
97,Campañas,"Campaña de comunicación social","Daré Abril",2019,abril-junio,2019-04-01,2019-06-30,"Municipio de Chihuahua","Municipio de Chihuahua",Activo
98,Campañas,"Campaña de promoción y publicidad","Gobierno Municipal en tu celular ""Prevención del delito"" ",2019,abril-junio,2019-04-01,2019-06-30,"Municipio de Chihuahua","Municipio de Chihuahua",Activo
99,Campañas,"Campaña de promoción y publicidad","APLICACIÓN MARCA EL CAMBIO",2018,octubre-diciembre,2018-10-01,2018-12-31,"Municipio de Chihuahua","Municipio de Chihuahua",Activo
100,Campañas,"Campaña de comunicación social","CÁMARAS PLATAFORMA ESCUDO",2018,octubre-diciembre,2018-10-01,2018-12-31,"Municipio de Chihuahua","Municipio de Chihuahua",Activo
101,Campañas,"Campaña de comunicación social","PLAN DE DESARROLLO MUNICIPAL",2018,octubre-diciembre,2018-10-01,2018-12-31,"Municipio de Chihuahua","Municipio de Chihuahua",Activo
102,Campañas,"Campaña de comunicación social","CÁMARAS DE PLATAFORMA ESCUDO",2018,octubre-diciembre,2018-10-01,2018-12-31,"Municipio de Chihuahua","Municipio de Chihuahua",Activo
103,Campañas,"Campaña de comunicación social","ALERTA CLIMÁTICA/ CONDICIONES METEOROLÓGICAS",2018,octubre-diciembre,2018-10-01,2018-12-31,"Municipio de Chihuahua","Municipio de Chihuahua",Activo
104,Campañas,"Campaña de promoción y publicidad","ALEX SINTEKFIC FICUU",2018,octubre-diciembre,2018-10-01,2018-12-31,"Municipio de Chihuahua","Municipio de Chihuahua",Activo
105,Campañas,"Campaña de promoción y publicidad","XIMENA SARIÑANA FICH FICUU",2018,octubre-diciembre,2018-10-01,2018-12-31,"Municipio de Chihuahua","Municipio de Chihuahua",Activo
106,Campañas,"Campaña de promoción y publicidad","FICH FICUU 2018",2018,octubre-diciembre,2018-10-01,2018-12-31,"Municipio de Chihuahua","Municipio de Chihuahua",Activo
107,Campañas,"Campaña de promoción y publicidad","Lona Full Color Con Instalacion Y Retiro En Espectacular",2018,enero-marzo,2018-01-01,2018-03-31,"Municipio de Chihuahua","Municipio de Chihuahua",Activo
108,Campañas,"Campaña de promoción y publicidad","WILLIAM CLOSE FICH FICUU",2018,octubre-diciembre,2018-10-01,2018-12-31,"Municipio de Chihuahua","Municipio de Chihuahua",Activo
109,Campañas,"Campaña de promoción y publicidad","MIDNIGHT GENERATION FICH FICUU",2018,octubre-diciembre,2018-10-01,2018-12-31,"Municipio de Chihuahua","Municipio de Chihuahua",Activo
110,Campañas,"Campaña de promoción y publicidad","CARMELO TORRES FICH FICUU",2018,octubre-diciembre,2018-10-01,2018-12-31,"Municipio de Chihuahua","Municipio de Chihuahua",Activo
111,Campañas,"Campaña de promoción y publicidad","MENONITA FICH FICUU",2018,octubre-diciembre,2018-10-01,2018-12-31,"Municipio de Chihuahua","Municipio de Chihuahua",Activo
112,Campañas,"Campaña de comunicación social","Municipio De Conecta",2018,enero-marzo,2018-01-01,2018-03-31,"Municipio de Chihuahua","Municipio de Chihuahua",Activo
113,"Avisos Institucionales","Padrones de beneficiarios","Becas Deportivas ",2019,abril-junio,2019-04-01,2019-06-30,"Municipio de Chihuahua","Municipio de Chihuahua",Activo
114,"Avisos Institucionales",Avisos,"Predial Trabaja",2019,abril-junio,2019-04-01,2019-06-30,"Municipio de Chihuahua","Municipio de Chihuahua",Activo
115,Campañas,"Campaña de comunicación social","Vecinos Abril",2019,abril-junio,2019-04-01,2019-06-30,"Municipio de Chihuahua","Municipio de Chihuahua",Activo
116,"Avisos Institucionales",Avisos,"Cierre por Turbo Glorietas ",2019,abril-junio,2019-04-01,2019-06-30,"Municipio de Chihuahua","Municipio de Chihuahua",Activo
117,Campañas,"Campaña de promoción y publicidad","Marca en el cambio ",2019,abril-junio,2019-04-01,2019-06-30,"Municipio de Chihuahua","Municipio de Chihuahua",Activo
118,Campañas,"Campaña de comunicación social","Mes Mujer ",2019,abril-junio,2019-04-01,2019-06-30,"Municipio de Chihuahua","Municipio de Chihuahua",Activo
119,Campañas,"Campaña de promoción y publicidad","ABRIGA UN CORAZÓN",2018,octubre-diciembre,2018-10-01,2018-12-31,"Municipio de Chihuahua","Municipio de Chihuahua",Activo
120,Campañas,"Campaña de comunicación social","Descuento Predial",2018,enero-marzo,2018-01-01,2018-03-31,"Municipio de Chihuahua","Municipio de Chihuahua",Activo
121,Campañas,"Campaña de promoción y publicidad","REGALA UN ABRIGO",2018,octubre-diciembre,2018-10-01,2018-12-31,"Municipio de Chihuahua","Municipio de Chihuahua",Activo
122,"Avisos Institucionales",Avisos,"Predial Gracias Abril",2019,abril-junio,2019-04-01,2019-06-30,"Municipio de Chihuahua","Municipio de Chihuahua",Activo
123,"Avisos Institucionales","Padrones de beneficiarios","Becas entregadas ",2019,abril-junio,2019-04-01,2019-06-30,"Municipio de Chihuahua","Municipio de Chihuahua",Activo
124,Campañas,"Campaña de comunicación social","Prevención lluvias Marca el cambio",2019,abril-junio,2019-04-01,2019-06-30,"Municipio de Chihuahua","Municipio de Chihuahua",Activo
125,Campañas,"Campaña de promoción y publicidad",Camaras,2019,abril-junio,2019-04-01,2019-06-30,"Municipio de Chihuahua","Municipio de Chihuahua",Activo
126,"Avisos Institucionales",Avisos,"Turbo Glorietas Abril ",2019,abril-junio,2019-04-01,2019-06-30,"Municipio de Chihuahua","Municipio de Chihuahua",Activo
127,Campañas,"Campaña de comunicación social","Feria autismo, predial de Marzo",2019,abril-junio,2019-04-01,2019-06-30,"Municipio de Chihuahua","Municipio de Chihuahua",Activo
128,"Avisos Institucionales","Padrones de beneficiarios","Becas Predial  ""Académicas y Deportivas""",2019,abril-junio,2019-04-01,2019-06-30,"Municipio de Chihuahua","Municipio de Chihuahua",Activo
129,"Avisos Institucionales","Padrones de beneficiarios","Marca el Cambio",2019,abril-junio,2019-04-01,2019-06-30,"Municipio de Chihuahua","Municipio de Chihuahua",Activo
130,"Avisos Institucionales","Padrones de beneficiarios","Becas , con la Aap mia chihuahua",2019,abril-junio,2019-04-01,2019-06-30,"Municipio de Chihuahua","Municipio de Chihuahua",Activo
131,Campañas,"Campaña de comunicación social","Juntos una mejor ciudad luminarias",2019,abril-junio,2019-04-01,2019-06-30,"Municipio de Chihuahua","Municipio de Chihuahua",Activo
132,Campañas,"Campaña de comunicación social","Ciudad Más Limpia",2018,enero-marzo,2018-01-01,2018-03-31,"Municipio de Chihuahua","Municipio de Chihuahua",Activo
133,"Avisos Institucionales",Avisos,"Gaza  de periférico  de la cantera",2019,abril-junio,2019-04-01,2019-06-30,"Municipio de Chihuahua","Municipio de Chihuahua",Activo
134,Campañas,"Campaña de comunicación social","Daré Presupuesto participativo ",2019,abril-junio,2019-04-01,2019-06-30,"Municipio de Chihuahua","Municipio de Chihuahua",Activo
135,"Avisos Institucionales",Licitaciones,"PUBLICACIÓN DE LICITACION L.P IMPE02/2018-IMPE",2019,abril-junio,2019-04-01,2019-06-30,"Municipio de Chihuahua","Municipio de Chihuahua",Activo
136,Campañas,"Campaña de comunicación social","Iniciamos la construcion turbo   las molestias  son temporales  y los beneficios permanentes",2019,abril-junio,2019-04-01,2019-06-30,"Municipio de Chihuahua","Municipio de Chihuahua",Activo
137,"Avisos Institucionales",Avisos,"Predial Enero ",2019,abril-junio,2019-04-01,2019-06-30,"Municipio de Chihuahua","Municipio de Chihuahua",Activo
138,"Avisos Institucionales",Aclaraciones,"PUBLICACIÓN DE SITUACIÓN DE DEUDA/ TESORERÍA",2019,abril-junio,2019-04-01,2019-06-30,"Municipio de Chihuahua","Municipio de Chihuahua",Activo
139,Campañas,"Campaña de promoción y publicidad","PROG, APOYO DESENDIENTES DE VETERANOS DE LA REVOLUCION",2019,abril-junio,2019-04-01,2019-06-30,"Municipio de Chihuahua","Municipio de Chihuahua",Activo
140,"Avisos Institucionales",Avisos,"Predial obras / predial descuento Marzo/ app mía y marca el cambio/turbo glorietas/ conectar cámaras/prevención lluvias",2019,abril-junio,2019-04-01,2019-06-30,"Municipio de Chihuahua","Municipio de Chihuahua",Activo
141,"Avisos Institucionales",Convocatorias,"PUBLICACIÓN DE CONVOCATORIA ADULTO MAYOR",2019,abril-junio,2019-04-01,2019-06-30,"Municipio de Chihuahua","Municipio de Chihuahua",Activo
142,Campañas,"Campaña de comunicación social","Desc. Del Predial Febrero",2018,enero-marzo,2018-01-01,2018-03-31,"Municipio de Chihuahua","Municipio de Chihuahua",Activo
143,Campañas,"Campaña de comunicación social","Predial Marzo",2018,enero-marzo,2018-01-01,2018-03-31,"Municipio de Chihuahua","Municipio de Chihuahua",Activo
144,"Avisos Institucionales","Padrones de beneficiarios","RESULTADOS BECAS ADULTO MAYOR ""A""",2019,abril-junio,2019-04-01,2019-06-30,"Municipio de Chihuahua","Municipio de Chihuahua",Activo
145,"Avisos Institucionales",Avisos,"Turbo glorieta/app mía y marca el cambio/ becas/ conectar cámaras",2019,abril-junio,2019-04-01,2019-06-30,"Municipio de Chihuahua","Municipio de Chihuahua",Activo
146,"Avisos Institucionales",Avisos,"Predial febrero",2019,abril-junio,2019-04-01,2019-06-30,"Municipio de Chihuahua","Municipio de Chihuahua",Activo
147,"Avisos Institucionales",Aclaraciones,"CORTE MES DICIEMBRE 2018",2019,abril-junio,2019-04-01,2019-06-30,"Municipio de Chihuahua","Municipio de Chihuahua",Activo
148,Campañas,"Campaña de comunicación social","Una Ciudad Mas Limpia",2018,enero-marzo,2018-01-01,2018-03-31,"Municipio de Chihuahua","Municipio de Chihuahua",Activo
149,Campañas,"Campaña de promoción y publicidad","Publicación De Pelea De Box Argentina VS México/ Despacho de la Alcaldia",2018,enero-marzo,2018-01-01,2018-03-31,"Municipio de Chihuahua","Municipio de Chihuahua",Activo
150,"Avisos Institucionales","Padrones de beneficiarios","RESULTADOS BECAS ADULTO MAYOR ""B""",2019,abril-junio,2019-04-01,2019-06-30,"Municipio de Chihuahua","Municipio de Chihuahua",Activo
151,Campañas,"Campaña de comunicación social","Iluminamos V1",2019,abril-junio,2019-04-01,2019-06-30,"Municipio de Chihuahua","Municipio de Chihuahua",Activo
152,"Avisos Institucionales",Avisos,"Predial obras ,predial de marzo",2019,abril-junio,2019-04-01,2019-06-30,"Municipio de Chihuahua","Municipio de Chihuahua",Activo
153,Campañas,"Campaña de comunicación social","Obras predial",2019,abril-junio,2019-04-01,2019-06-30,"Municipio de Chihuahua","Municipio de Chihuahua",Activo
154,"Avisos Institucionales",Aclaraciones,"CORTE DEL AÑO 2018",2019,abril-junio,2019-04-01,2019-06-30,"Municipio de Chihuahua","Municipio de Chihuahua",Activo
155,"Avisos Institucionales",Aclaraciones,"CORTE DEL MES DE ENERO",2019,abril-junio,2019-04-01,2019-06-30,"Municipio de Chihuahua","Municipio de Chihuahua",Activo
156,Campañas,"Campaña de comunicación social","Predial Iluminación ",2019,abril-junio,2019-04-01,2019-06-30,"Municipio de Chihuahua","Municipio de Chihuahua",Activo
157,"Avisos Institucionales",Avisos,"predial de enero  dess",2019,abril-junio,2019-04-01,2019-06-30,"Municipio de Chihuahua","Municipio de Chihuahua",Activo
158,Campañas,"Campaña de comunicación social","Presupuesto participativo , iluminacion	",2019,abril-junio,2019-04-01,2019-06-30,"Municipio de Chihuahua","Municipio de Chihuahua",Activo
159,Campañas,"Campaña de promoción y publicidad","ap. mía  Marca el Cambio",2019,abril-junio,2019-04-01,2019-06-30,"Municipio de Chihuahua","Municipio de Chihuahua",Activo
160,"Avisos Institucionales",Avisos,"publicación de predial obra/ tesoreria, status	",2019,abril-junio,2019-04-01,2019-06-30,"Municipio de Chihuahua","Municipio de Chihuahua",Activo
161,Campañas,"Campaña de promoción y publicidad","programa comité deportivos	",2019,abril-junio,2019-04-01,2019-06-30,"Municipio de Chihuahua","Municipio de Chihuahua",Activo
162,"Avisos Institucionales",Aclaraciones,"Corte mes de Enero	",2019,abril-junio,2019-04-01,2019-06-30,"Municipio de Chihuahua","Municipio de Chihuahua",Activo
163,"Avisos Institucionales",Licitaciones,"Licitacion o.m10/19	",2019,abril-junio,2019-04-01,2019-06-30,"Municipio de Chihuahua","Municipio de Chihuahua",Activo
164,"Avisos Institucionales",Convocatorias,"Conv. nacional dopm-02-19	",2019,abril-junio,2019-04-01,2019-06-30,"Municipio de Chihuahua","Municipio de Chihuahua",Activo
165,"Avisos Institucionales",Avisos,"Predial Mayo	",2019,abril-junio,2019-04-01,2019-06-30,"Municipio de Chihuahua","Municipio de Chihuahua",Activo
166,Campañas,"Campaña de comunicación social","Publicación de LP Parque Tres Presas/ IMPE.",2018,enero-marzo,2018-01-01,2018-03-31,"Municipio de Chihuahua","Municipio de Chihuahua",Activo
167,Campañas,"Campaña de comunicación social","LOGROS de la Administracion",2018,enero-marzo,2018-01-01,2018-03-31,"Municipio de Chihuahua","Municipio de Chihuahua",Activo
168,Campañas,"Campaña de comunicación social","FELICES FIESTAS",2018,octubre-diciembre,2018-10-01,2018-12-31,"Municipio de Chihuahua","Municipio de Chihuahua",Activo
169,Campañas,"Campaña de comunicación social","DESVÍO PUENTE VEHÍCULAR FRESNO ",2018,octubre-diciembre,2018-10-01,2018-12-31,"Municipio de Chihuahua","Municipio de Chihuahua",Activo
170,Campañas,"Campaña de comunicación social","Predial de Enero/ Ciudad Más Limpia/ Becas Academicas",2018,enero-marzo,2018-01-01,2018-03-31,"Municipio de Chihuahua","Municipio de Chihuahua",Activo
171,Campañas,"Campaña de comunicación social","Descuento Predial Enero",2018,enero-marzo,2018-01-01,2018-03-31,"Municipio de Chihuahua","Municipio de Chihuahua",Activo
172,Campañas,"Campaña de comunicación social","Becas Academicas",2018,enero-marzo,2018-01-01,2018-03-31,"Municipio de Chihuahua","Municipio de Chihuahua",Activo
173,Campañas,"Campaña de promoción y publicidad","TARJETA MI APOYO, MI BIENESTAR",2018,octubre-diciembre,2018-10-01,2018-12-31,"Municipio de Chihuahua","Municipio de Chihuahua",Activo
174,"Avisos Institucionales",Licitaciones,"Licitacion o.m. 23/19	",2019,abril-junio,2019-04-01,2019-06-30,"Municipio de Chihuahua","Municipio de Chihuahua",Activo
175,Campañas,"Campaña de promoción y publicidad","PARTIDO CRUZ AZUL",2018,octubre-diciembre,2018-10-01,2018-12-31,"Municipio de Chihuahua","Municipio de Chihuahua",Activo
176,Campañas,"Campaña de comunicación social","juntos cuidamos tu patrimonio - predial	",2019,abril-junio,2019-04-01,2019-06-30,"Municipio de Chihuahua","Municipio de Chihuahua",Activo
177,Campañas,"Campaña de comunicación social","CÁMARAS DSPM, NAVIDAD, ICM",2018,octubre-diciembre,2018-10-01,2018-12-31,"Municipio de Chihuahua","Municipio de Chihuahua",Activo
178,Campañas,"Campaña de comunicación social","TURBO GLORIETAS",2018,octubre-diciembre,2018-10-01,2018-12-31,"Municipio de Chihuahua","Municipio de Chihuahua",Activo
179,Campañas,"Campaña de comunicación social","ACOMPAÑAMIENTO BANCARIO DSPM",2018,octubre-diciembre,2018-10-01,2018-12-31,"Municipio de Chihuahua","Municipio de Chihuahua",Activo
180,"Avisos Institucionales",Avisos,"Oprime  el botón  de pánico	",2019,abril-junio,2019-04-01,2019-06-30,"Municipio de Chihuahua","Municipio de Chihuahua",Activo
181,Campañas,"Campaña de comunicación social","Mencion Del Predial",2018,enero-marzo,2018-01-01,2018-03-31,"Municipio de Chihuahua","Municipio de Chihuahua",Activo
182,Campañas,"Campaña de promoción y publicidad","FICH FICUU WILLIAM CLOSER, FICH FICCU OBRA DE TEATRO LA CENICIENTA, FICH FICUU PACO DE MARIAM MENNY CARRASCO FICH SIMPLY THEREE",2018,octubre-diciembre,2018-10-01,2018-12-31,"Municipio de Chihuahua","Municipio de Chihuahua",Activo
183,"Avisos Institucionales",Avisos,"Predial obras predial de marzo	",2019,abril-junio,2019-04-01,2019-06-30,"Municipio de Chihuahua","Municipio de Chihuahua",Activo
184,Campañas,"Campaña de comunicación social","ALERTA CLIMÁTICA/ C. METEOROLÓGICAS",2018,octubre-diciembre,2018-10-01,2018-12-31,"Municipio de Chihuahua","Municipio de Chihuahua",Activo
185,Campañas,"Campaña de comunicación social","Becas Académicas II",2018,enero-marzo,2018-01-01,2018-03-31,"Municipio de Chihuahua","Municipio de Chihuahua",Activo
186,Campañas,"Campaña de comunicación social","app mía y marca el cambio conéctate escudo chihuahua	",2019,abril-junio,2019-04-01,2019-06-30,"Municipio de Chihuahua","Municipio de Chihuahua",Activo
187,"Avisos Institucionales",Avisos,"Turbo glorieta",2019,abril-junio,2019-04-01,2019-06-30,"Municipio de Chihuahua","Municipio de Chihuahua",Activo
188,Campañas,"Campaña de comunicación social","Programa Dare Abril ",2019,abril-junio,2019-04-01,2019-06-30,"Municipio de Chihuahua","Municipio de Chihuahua",Activo
189,Campañas,"Campaña de promoción y publicidad","4 Carteleras En Formato Doble",2018,enero-marzo,2018-01-01,2018-03-31,"Municipio de Chihuahua","Municipio de Chihuahua",Activo
190,"Avisos Institucionales",Avisos,"Predial de Febrero	",2019,abril-junio,2019-04-01,2019-06-30,"Municipio de Chihuahua","Municipio de Chihuahua",Activo
191,"Avisos Institucionales",Avisos,"Predial desc de Marzo",2019,abril-junio,2019-04-01,2019-06-30,"Municipio de Chihuahua","Municipio de Chihuahua",Activo
192,"Avisos Institucionales",Avisos,"Predial gracias	",2019,abril-junio,2019-04-01,2019-06-30,"Municipio de Chihuahua","Municipio de Chihuahua",Activo
193,Campañas,"Campaña de comunicación social","Limpiando Tu Colonia",2018,enero-marzo,2018-01-01,2018-03-31,"Municipio de Chihuahua","Municipio de Chihuahua",Activo
194,Campañas,"Campaña de promoción y publicidad","BOX BARRIO",2018,octubre-diciembre,2018-10-01,2018-12-31,"Municipio de Chihuahua","Municipio de Chihuahua",Activo
195,"Avisos Institucionales",Avisos,"Construcción de turbo glorietas  peca	",2019,abril-junio,2019-04-01,2019-04-30,"Municipio de Chihuahua","Municipio de Chihuahua",Activo
196,Campañas,"Campaña de promoción y publicidad","ESCUDO DISEÑO, ILUMINEMOS LA VIDA LUCHA CONTRA EL CÁNCER DE MAMA",2018,octubre-diciembre,2018-10-01,2018-12-31,"Municipio de Chihuahua","Municipio de Chihuahua",Activo
197,Campañas,"Campaña de comunicación social","Ciudad Más Limpia.",2018,enero-marzo,2018-01-01,2018-03-31,"Municipio de Chihuahua","Municipio de Chihuahua",Activo
198,Campañas,"Campaña de promoción y publicidad","CAMPAÑAS FICUU",2018,octubre-diciembre,2018-10-01,2018-12-31,"Municipio de Chihuahua","Municipio de Chihuahua",Activo
199,Campañas,"Campaña de comunicación social","TARJETA MI APOYO, MI BIENESTAR, DESCUENTO EN SORIANA",2018,octubre-diciembre,2018-10-01,2018-12-31,"Municipio de Chihuahua","Municipio de Chihuahua",Activo
200,Campañas,"Campaña de promoción y publicidad","DESC. PREDIAL",2018,octubre-diciembre,2018-10-01,2018-12-31,"Municipio de Chihuahua","Municipio de Chihuahua",Activo
201,Campañas,"Campaña de comunicación social","MENCIONES DE DESCENSO DE TEMPERATURAS",2018,octubre-diciembre,2018-10-01,2018-12-31,"Municipio de Chihuahua","Municipio de Chihuahua",Activo
202,Campañas,"Campaña de comunicación social","PREDIAL DESCUENTO",2018,octubre-diciembre,2018-10-01,2018-12-31,"Municipio de Chihuahua","Municipio de Chihuahua",Activo
203,Campañas,"Campaña de comunicación social","ALERTAS CLIMÁTICAS",2018,octubre-diciembre,2018-10-01,2018-12-31,"Municipio de Chihuahua","Municipio de Chihuahua",Activo
204,Campañas,"Campaña de promoción y publicidad",FICUU,2018,octubre-diciembre,2018-10-01,2018-12-31,"Municipio de Chihuahua","Municipio de Chihuahua",Activo
205,"Avisos Institucionales",Aclaraciones,"1/4 DE PUB. DE CORTE DEL MES DE NOVIEMBRE/TESORERÍA",2018,octubre-diciembre,2018-10-01,2018-12-31,"Municipio de Chihuahua","Municipio de Chihuahua",Activo
206,Campañas,"Campaña de promoción y publicidad","C. TORRES FICH FICUU",2018,octubre-diciembre,2018-10-01,2018-12-31,"Municipio de Chihuahua","Municipio de Chihuahua",Activo
207,"Avisos Institucionales",Avisos,"Publicación de predial descuentos febrero/ tesoreria, status",2019,abril-junio,2019-04-01,2019-06-30,"Municipio de Chihuahua","Municipio de Chihuahua",Activo
208,Campañas,"Campaña de promoción y publicidad","ALEX SYNTEK",2018,octubre-diciembre,2018-10-01,2018-12-31,"Municipio de Chihuahua","Municipio de Chihuahua",Activo
209,"Avisos Institucionales",Otros,"Condolencia manuel enrique valdez",2019,abril-junio,2019-04-01,2019-06-30,"Municipio de Chihuahua","Municipio de Chihuahua",Activo
210,"Avisos Institucionales",Convocatorias,"Conv. obra publica dopm-01-19	",2019,abril-junio,2019-04-01,2019-06-30,"Municipio de Chihuahua","Municipio de Chihuahua",Activo
211,"Avisos Institucionales",Convocatorias,"FE ERRATAS 03/2018 IMPE BYN",2018,octubre-diciembre,2018-10-01,2018-12-31,"Municipio de Chihuahua","Municipio de Chihuahua",Activo
212,"Avisos Institucionales",Licitaciones,"Licitacion o.m.11/19	",2019,abril-junio,2019-04-01,2019-06-30,"Municipio de Chihuahua","Municipio de Chihuahua",Activo
213,"Avisos Institucionales",Convocatorias,"LICITACIÓN 04/2018 IMPE BYN",2018,octubre-diciembre,2018-10-01,2018-12-31,"Municipio de Chihuahua","Municipio de Chihuahua",Activo
214,"Avisos Institucionales",Avisos,"Corte del mes de marzo	",2019,abril-junio,2019-04-01,2019-06-30,"Municipio de Chihuahua","Municipio de Chihuahua",Activo
215,"Avisos Institucionales",Convocatorias,"Conv. nacional 04-2019	",2019,abril-junio,2019-04-01,2019-06-30,"Municipio de Chihuahua","Municipio de Chihuahua",Activo
216,"Avisos Institucionales",Convocatorias,"1/4 PUB. DE LICITACIÓN PÚBLICA 59/2018 OFICIALÍA MAYOR",2018,octubre-diciembre,2018-10-01,2018-12-31,"Municipio de Chihuahua","Municipio de Chihuahua",Activo
217,"Avisos Institucionales",Licitaciones,"Licitación o.m. 24/19	",2019,abril-junio,2019-04-01,2019-06-30,"Municipio de Chihuahua","Municipio de Chihuahua",Activo
218,"Avisos Institucionales",Convocatorias,"1/4 PUB. DE LICITACIÓN PUBLICA 60/2018 OFICIALÍA MAYOR",2018,octubre-diciembre,2018-10-01,2018-12-31,"Municipio de Chihuahua","Municipio de Chihuahua",Activo
219,Campañas,"Campaña de comunicación social","Felicitacion día del padre	",2019,abril-junio,2019-04-01,2019-06-30,"Municipio de Chihuahua","Municipio de Chihuahua",Activo
220,Campañas,"Campaña de comunicación social","Turbo  glorietas	",2019,abril-junio,2019-04-01,2019-06-30,"Municipio de Chihuahua","Municipio de Chihuahua",Activo
221,"Avisos Institucionales",Convocatorias,"1/8PUB. DE FE DE ERRATAS 04/2018 IMPE",2018,octubre-diciembre,2018-10-01,2018-12-31,"Municipio de Chihuahua","Municipio de Chihuahua",Activo
222,"Avisos Institucionales",Convocatorias,"1/4PUB. DE LICITACIÓN PUBLICA O.M 68/18 OFICIALÍA MAYOR",2018,octubre-diciembre,2018-10-01,2018-12-31,"Municipio de Chihuahua","Municipio de Chihuahua",Activo
223,Campañas,"Campaña de comunicación social","Desc. Del Predial Enero",2018,enero-marzo,2018-01-01,2018-03-31,"Municipio de Chihuahua","Municipio de Chihuahua",Activo
224,Campañas,"Campaña de comunicación social","Fiesta De Luz 2018",2018,enero-marzo,2018-01-01,2018-03-31,"Municipio de Chihuahua","Municipio de Chihuahua",Activo
225,"Avisos Institucionales",Convocatorias,"1/4JORNADA CÍVICA-DIRECCIÓN DE DESARROLLO HUMANO EDUCACIÓN",2018,octubre-diciembre,2018-10-01,2018-12-31,"Municipio de Chihuahua","Municipio de Chihuahua",Activo
226,Campañas,"Campaña de comunicación social","DESCUENTO DEL PREDIAL MES DE NOVIEMBRE-DICIEMBRE 2018",2018,octubre-diciembre,2018-10-01,2018-12-31,"Municipio de Chihuahua","Municipio de Chihuahua",Activo
227,Campañas,"Campaña de comunicación social","Plana Publicación De Lista de Protectos Productivos/ Dirección De Desarrollo Economico y Turismo",2018,enero-marzo,2018-01-01,2018-03-31,"Municipio de Chihuahua","Municipio de Chihuahua",Activo
228,Campañas,"Campaña de promoción y publicidad",ROCK,2018,octubre-diciembre,2018-10-01,2018-12-31,"Municipio de Chihuahua","Municipio de Chihuahua",Activo
229,Campañas,"Campaña de promoción y publicidad","XIMENA SARIÑANA ",2018,octubre-diciembre,2018-10-01,2018-12-31,"Municipio de Chihuahua","Municipio de Chihuahua",Activo
230,"Avisos Institucionales",Convocatorias,"CORTE DEL MES DE OCTUBRE BYN",2018,octubre-diciembre,2018-10-01,2018-12-31,"Municipio de Chihuahua","Municipio de Chihuahua",Activo
231,"Avisos Institucionales",Convocatorias,"LICITACIÓN 05/2018 IMPE BYN",2018,octubre-diciembre,2018-10-01,2018-12-31,"Municipio de Chihuahua","Municipio de Chihuahua",Activo
232,Campañas,"Campaña de comunicación social","ALERT. CLIMÁTICAS",2018,octubre-diciembre,2018-10-01,2018-12-31,"Municipio de Chihuahua","Municipio de Chihuahua",Activo
233,"Avisos Institucionales",Avisos,"1/4 PUB RESULTADOS CONV. CONSEJO CONSULTIVO/SINDICATURA",2018,octubre-diciembre,2018-10-01,2018-12-31,"Municipio de Chihuahua","Municipio de Chihuahua",Activo
234,Campañas,"Campaña de comunicación social","Publicación de Corte de Enero del 2018/ Tesorería",2018,enero-marzo,2018-01-01,2018-03-31,"Municipio de Chihuahua","Municipio de Chihuahua",Activo
235,"Avisos Institucionales",Convocatorias,"1/4 PUB. LICITACIÓN PÚBLICA OM55/18 OFICIALÍA MAYOR",2018,octubre-diciembre,2018-10-01,2018-12-31,"Municipio de Chihuahua","Municipio de Chihuahua",Activo
236,Campañas,"Campaña de comunicación social","Gaza Circulación",2018,enero-marzo,2018-01-01,2018-03-31,"Municipio de Chihuahua","Municipio de Chihuahua",Activo
237,Campañas,"Campaña de comunicación social","Becas de Transporte",2018,enero-marzo,2018-01-01,2018-03-31,"Municipio de Chihuahua","Municipio de Chihuahua",Activo
238,"Avisos Institucionales",Convocatorias,"1/4PUB. DE LICITACIÓN PÚBLICA 61/2018 OFICIALÍA MAYOR",2018,octubre-diciembre,2018-10-01,2018-12-31,"Municipio de Chihuahua","Municipio de Chihuahua",Activo
239,"Avisos Institucionales",Otros,"1/4 PUB. DE CONDOLENCIA RICARDO CARAVEO VALLINA",2018,octubre-diciembre,2018-10-01,2018-12-31,"Municipio de Chihuahua","Municipio de Chihuahua",Activo
240,"Avisos Institucionales",Convocatorias,"P1/4UB. DE LICITACIÓN PÚBLICA O.M 69/18 OFICIALÍA MAYOR",2018,octubre-diciembre,2018-10-01,2018-12-31,"Municipio de Chihuahua","Municipio de Chihuahua",Activo
241,Campañas,"Campaña de comunicación social","BECAS EXCELENCIA ",2018,octubre-diciembre,2018-10-01,2018-12-31,"Municipio de Chihuahua","Municipio de Chihuahua",Activo
242,Campañas,"Campaña de comunicación social","app mía y marca el cambio	",2019,abril-junio,2019-04-01,2019-06-30,"Municipio de Chihuahua","Municipio de Chihuahua",Activo
243,Campañas,"Campaña de comunicación social","Distribuidor Homero Predial",2018,enero-marzo,2018-01-01,2018-03-31,"Municipio de Chihuahua","Municipio de Chihuahua",Activo
244,"Avisos Institucionales",Avisos,"construcción de turbo glorietas  oprime el botón  de pánico	",2019,abril-junio,2019-04-01,2019-06-30,"Municipio de Chihuahua","Municipio de Chihuahua",Activo
245,Campañas,"Campaña de comunicación social","Vecinos	",2019,abril-junio,2019-04-01,2019-06-30,"Municipio de Chihuahua","Municipio de Chihuahua",Activo
246,Campañas,"Campaña de comunicación social","OBRAS MC",2018,octubre-diciembre,2018-10-01,2018-12-31,"Municipio de Chihuahua","Municipio de Chihuahua",Activo
247,"Avisos Institucionales",Avisos,"Predial de marzo	",2019,abril-junio,2019-04-01,2019-06-30,"Municipio de Chihuahua","Municipio de Chihuahua",Activo
248,"Avisos Institucionales",Avisos,"predial marzo  iluminamos	",2019,abril-junio,2019-04-01,2019-06-30,"Municipio de Chihuahua","Municipio de Chihuahua",Activo
249,Campañas,"Campaña de comunicación social","Mencion De Becas Academicas",2018,enero-marzo,2018-01-01,2018-03-31,"Municipio de Chihuahua","Municipio de Chihuahua",Activo
250,"Avisos Institucionales",Licitaciones,"LP impe/lp/06/2018-bis	",2019,abril-junio,2019-04-01,2019-06-30,"Municipio de Chihuahua","Municipio de Chihuahua",Activo
251,"Avisos Institucionales",Otros,"Condolencia Anya Beatriz Trevizo Diaz	",2019,abril-junio,2019-04-01,2019-06-30,"Municipio de Chihuahua","Municipio de Chihuahua",Activo
252,"Avisos Institucionales","Padrones de beneficiarios","Beneficiados becas	",2019,abril-junio,2019-04-01,2019-06-30,"Municipio de Chihuahua","Municipio de Chihuahua",Activo
253,"Avisos Institucionales",Licitaciones,"Llicitacion o.m. 12/19 bis	",2019,abril-junio,2019-04-01,2019-06-30,"Municipio de Chihuahua","Municipio de Chihuahua",Activo
254,Campañas,"Campaña de comunicación social","IMM SORIANA TARJETA MI BIENESTAR",2018,octubre-diciembre,2018-10-01,2018-12-31,"Municipio de Chihuahua","Municipio de Chihuahua",Activo
255,Campañas,"Campaña de promoción y publicidad","becas , predial iluminamos mayo",2019,abril-junio,2019-04-01,2019-06-30,"Municipio de Chihuahua","Municipio de Chihuahua",Activo
256,"Avisos Institucionales",Convocatorias,"FE ERRATAS 04/2018 IMPE BYN",2018,octubre-diciembre,2018-10-01,2018-12-31,"Municipio de Chihuahua","Municipio de Chihuahua",Activo
257,"Avisos Institucionales",Otros,"FELICITACIÓN LIC. FEDERICO BAEZA BYN",2018,octubre-diciembre,2018-10-01,2018-12-31,"Municipio de Chihuahua","Municipio de Chihuahua",Activo
258,Campañas,"Campaña de comunicación social",periférico,2019,abril-junio,2019-04-01,2019-06-30,"Municipio de Chihuahua","Municipio de Chihuahua",Activo
259,Campañas,"Campaña de promoción y publicidad","7 Carteleras de Lona Full Color Con Instalación y Retiro en Espectacular",2018,enero-marzo,2018-01-01,2018-03-31,"Municipio de Chihuahua","Municipio de Chihuahua",Activo
260,Campañas,"Campaña de comunicación social","DESC. DEL PREDIAL DE NOVIEMBRE-DICIEMBRE 2018",2018,octubre-diciembre,2018-10-01,2018-12-31,"Municipio de Chihuahua","Municipio de Chihuahua",Activo
261,"Avisos Institucionales",Convocatorias,"1/4 PUB. LICITACIÓN PÚBLICA OM 56/18 OFICIALÍA MAYOR",2018,octubre-diciembre,2018-10-01,2018-12-31,"Municipio de Chihuahua","Municipio de Chihuahua",Activo
262,"Avisos Institucionales",Otros,"1/4 PUB. DE CONDOLENCIA GLORIA ERIAZA DE URANGA",2018,octubre-diciembre,2018-10-01,2018-12-31,"Municipio de Chihuahua","Municipio de Chihuahua",Activo
263,"Avisos Institucionales",Bases,"licitacion impe 02/2018bis",2019,abril-junio,2019-04-01,2019-06-30,"Municipio de Chihuahua","Municipio de Chihuahua",Activo
264,"Avisos Institucionales",Otros,"1/4PUB. DE TOMA DE PROTESTA FELICITACIÓN",2018,octubre-diciembre,2018-10-01,2018-12-31,"Municipio de Chihuahua","Municipio de Chihuahua",Activo
265,"Avisos Institucionales",Convocatorias,"1/4PUB. DE LICITACIÓN PÚBLICA O.M 70/18 OFICIALÍA MAYOR",2018,octubre-diciembre,2018-10-01,2018-12-31,"Municipio de Chihuahua","Municipio de Chihuahua",Activo
266,Campañas,"Campaña de comunicación social","Activate Chihuahua",2018,enero-marzo,2018-01-01,2018-03-31,"Municipio de Chihuahua","Municipio de Chihuahua",Activo
267,Campañas,"Campaña de comunicación social","TARJETA MC",2018,octubre-diciembre,2018-10-01,2018-12-31,"Municipio de Chihuahua","Municipio de Chihuahua",Activo
268,Campañas,"Campaña de comunicación social","SUR CORREDOR MC",2018,octubre-diciembre,2018-10-01,2018-12-31,"Municipio de Chihuahua","Municipio de Chihuahua",Activo
269,"Avisos Institucionales",Licitaciones,"1/4 publicación de licitacion o.m. 30/19- oficialia mayor",2019,abril-junio,2019-04-01,2019-06-30,"Municipio de Chihuahua","Municipio de Chihuahua",Activo
270,Campañas,"Campaña de comunicación social","Becas Transporte",2018,enero-marzo,2018-01-01,2018-03-31,"Municipio de Chihuahua","Municipio de Chihuahua",Activo
271,"Avisos Institucionales",Avisos,"CIERRE DE UN CARRIL DE FUENTES MARES",2018,octubre-diciembre,2018-10-01,2018-12-31,"Municipio de Chihuahua","Municipio de Chihuahua",Activo
272,Campañas,"Campaña de comunicación social","Juntos por tu seguridad	",2019,abril-junio,2019-04-01,2019-06-30,"Municipio de Chihuahua","Municipio de Chihuahua",Activo
273,Campañas,"Campaña de comunicación social","PREDIAL DE NOVIEMBRE DICIEMBRE  2018",2018,octubre-diciembre,2018-10-01,2018-12-31,"Municipio de Chihuahua","Municipio de Chihuahua",Activo
274,Campañas,"Campaña de comunicación social","DARÉ Abril	",2019,abril-junio,2019-04-01,2019-06-30,"Municipio de Chihuahua","Municipio de Chihuahua",Activo
275,"Avisos Institucionales",Avisos,"""Predial  gracias""	",2019,abril-junio,2019-04-01,2019-06-30,"Municipio de Chihuahua","Municipio de Chihuahua",Activo
276,Campañas,"Campaña de comunicación social","Tarjetas Mi Apoyo Mi Bienestar",2018,enero-marzo,2018-01-01,2018-03-31,"Municipio de Chihuahua","Municipio de Chihuahua",Activo
277,"Avisos Institucionales",Convocatorias,"LICITACIÓN 06/2018 IMPE BYN",2018,octubre-diciembre,2018-10-01,2018-12-31,"Municipio de Chihuahua","Municipio de Chihuahua",Activo
278,"Avisos Institucionales",Avisos,"Desc  del predial de Feb	",2019,abril-junio,2019-04-01,2019-06-30,"Municipio de Chihuahua","Municipio de Chihuahua",Activo
279,Campañas,"Campaña de comunicación social","Descuento De Predial Marzo",2018,enero-marzo,2018-01-01,2018-01-31,"Municipio de Chihuahua","Municipio de Chihuahua",Activo
280,"Avisos Institucionales",Avisos,"Desc  del predial de Marzo	",2019,abril-junio,2019-04-01,2019-06-30,"Municipio de Chihuahua","Municipio de Chihuahua",Activo
281,Campañas,"Campaña de promoción y publicidad","Publicación De Felicitacion Por el Día Del Niño/ Comunicación Social",2018,enero-marzo,2018-01-01,2018-03-31,"Municipio de Chihuahua","Municipio de Chihuahua",Activo
282,Campañas,"Campaña de comunicación social","Marca Cambio	",2019,abril-junio,2019-04-01,2019-06-30,"Municipio de Chihuahua","Municipio de Chihuahua",Activo
283,Campañas,"Campaña de comunicación social","Desc. Del Predial del Mes de Enero",2018,enero-marzo,2018-01-01,2018-03-31,"Municipio de Chihuahua","Municipio de Chihuahua",Activo
284,Campañas,"Campaña de comunicación social","luminarias	",2019,abril-junio,2019-04-01,2019-06-30,"Municipio de Chihuahua","Municipio de Chihuahua",Activo
285,Campañas,"Campaña de comunicación social","Predial Febrero",2018,enero-marzo,2018-01-01,2018-03-31,"Municipio de Chihuahua","Municipio de Chihuahua",Activo
286,Campañas,"Campaña de comunicación social","Dist Hom Tec",2018,enero-marzo,2018-01-01,2018-03-31,"Municipio de Chihuahua","Municipio de Chihuahua",Activo
287,Campañas,"Campaña de promoción y publicidad","lpom04/19bis	",2019,abril-junio,2019-04-01,2019-06-30,"Municipio de Chihuahua","Municipio de Chihuahua",Activo
288,Campañas,"Campaña de comunicación social","Una Ciudad Más Limpia.",2018,enero-marzo,2018-01-01,2018-03-31,"Municipio de Chihuahua","Municipio de Chihuahua",Activo
289,"Avisos Institucionales",Licitaciones,"Licitacion o.m.12/19	",2019,abril-junio,2019-04-01,2019-06-30,"Municipio de Chihuahua","Municipio de Chihuahua",Activo
290,"Avisos Institucionales",Licitaciones,"Licitacion o.m. 19/19	",2019,abril-junio,2019-04-01,2019-06-30,"Municipio de Chihuahua","Municipio de Chihuahua",Activo
291,Campañas,"Campaña de comunicación social","Invitación de Pago de Predial",2018,enero-marzo,2018-01-01,2018-03-31,"Municipio de Chihuahua","Municipio de Chihuahua",Activo
292,"Avisos Institucionales",Convocatorias,"Conv. obra publica 05-2019	",2019,abril-junio,2019-04-01,2019-06-30,"Municipio de Chihuahua","Municipio de Chihuahua",Activo
293,Campañas,"Campaña de comunicación social","Mencion De Becas De Transporte",2018,enero-marzo,2018-01-01,2018-03-31,"Municipio de Chihuahua","Municipio de Chihuahua",Activo
294,Campañas,"Campaña de comunicación social","7 Cartelera En Formato Doble En Diversos Puntos De La Ciudad",2018,enero-marzo,2018-01-01,2018-03-31,"Municipio de Chihuahua","Municipio de Chihuahua",Activo
295,"Avisos Institucionales",Convocatorias,"LICITACIÓN 05/2018 BIS IMPE BYN",2018,octubre-diciembre,2018-10-01,2018-12-31,"Municipio de Chihuahua","Municipio de Chihuahua",Activo
296,Campañas,"Campaña de comunicación social","1/4 publicaciones  de juntos cuidamos tu patrimonio predial / tesoreria	",2019,abril-junio,2019-04-01,2019-06-30,"Municipio de Chihuahua","Municipio de Chihuahua",Activo
297,Campañas,"Campaña de comunicación social","Fiesta de Luz",2018,enero-marzo,2018-01-01,2018-03-31,"Municipio de Chihuahua","Municipio de Chihuahua",Activo
298,Campañas,"Campaña de comunicación social","DESC DE PREDIAL DE NOVIEMBRE Y DICIEMBRE 2018",2018,octubre-diciembre,2018-10-01,2018-12-31,"Municipio de Chihuahua","Municipio de Chihuahua",Activo
299,"Avisos Institucionales","Padrones de beneficiarios","Becas , con la aap mía Chihuahua	",2019,abril-junio,2019-04-01,2019-06-30,"Municipio de Chihuahua","Municipio de Chihuahua",Activo
300,Campañas,"Campaña de comunicación social","Distribuidor Homero ",2018,enero-marzo,2018-01-01,2018-03-31,"Municipio de Chihuahua","Municipio de Chihuahua",Activo
301,Campañas,"Campaña de comunicación social","Iluminación	",2019,abril-junio,2019-04-01,2019-06-30,"Municipio de Chihuahua","Municipio de Chihuahua",Activo
302,Campañas,"Campaña de comunicación social","PREDIAL DESC DE NOVIEMBRE/DICIEMBRE 2018",2018,octubre-diciembre,2018-10-01,2018-12-31,"Municipio de Chihuahua","Municipio de Chihuahua",Activo
303,Campañas,"Campaña de comunicación social","Becas Academicas/ Predial de Enero/ Ciudad Más Limpia",2018,enero-marzo,2018-01-01,2018-03-31,"Municipio de Chihuahua","Municipio de Chihuahua",Activo
304,"Avisos Institucionales",Avisos,"Desc  del predial	",2019,abril-junio,2019-04-01,2019-06-30,"Municipio de Chihuahua","Municipio de Chihuahua",Activo
305,Campañas,"Campaña de comunicación social","Becas de Transporte / Predial de Marzo/ Distribuidor Homero/ Expovocación",2018,enero-marzo,2018-01-01,2018-03-31,"Municipio de Chihuahua","Municipio de Chihuahua",Activo
306,"Avisos Institucionales",Convocatorias,"1/4 PUB. CORTE DE MES DE SEP. DEL 10 AL 30 DE SEP /TESORERÍA",2018,octubre-diciembre,2018-10-01,2018-12-31,"Municipio de Chihuahua","Municipio de Chihuahua",Activo
307,Campañas,"Campaña de comunicación social","luminaria	",2019,abril-junio,2019-04-01,2019-06-30,"Municipio de Chihuahua","Municipio de Chihuahua",Activo
308,"Avisos Institucionales",Avisos,"1/4 PUB. DE CON. ANTICIPADOS Y PERMISOS/DESPACHO ALCALDÍA",2018,octubre-diciembre,2018-10-01,2018-12-31,"Municipio de Chihuahua","Municipio de Chihuahua",Activo
309,Campañas,"Campaña de comunicación social","Becas de Transporte / Predial de Febrero/ Distribuidor Homero/ Expovocación",2018,enero-marzo,2018-01-01,2018-03-31,"Municipio de Chihuahua","Municipio de Chihuahua",Activo
310,"Avisos Institucionales",Convocatorias,"Publicación de convocatoria adulto mayor/ direccion de desarrollo humano y educacion.	A",2019,abril-junio,2019-04-01,2019-06-30,"Municipio de Chihuahua","Municipio de Chihuahua",Activo
311,Campañas,"Campaña de comunicación social","Becas de Transporte / Predial de Febrero/ Distribuidor Homero/ Expovocación.",2018,enero-marzo,2018-01-01,2018-03-31,"Municipio de Chihuahua","Municipio de Chihuahua",Activo
312,Campañas,"Campaña de promoción y publicidad","lpom06/19	",2019,abril-junio,2019-04-01,2019-06-30,"Municipio de Chihuahua","Municipio de Chihuahua",Activo
313,Campañas,"Campaña de comunicación social","Canje de Armas Durante El Mes de Marzo",2018,enero-marzo,2018-01-01,2018-03-31,"Municipio de Chihuahua","Municipio de Chihuahua",Activo
314,"Avisos Institucionales","Padrones de beneficiarios","Resultados becas académicas, rurales y deportivas	",2019,abril-junio,2019-04-01,2019-06-30,"Municipio de Chihuahua","Municipio de Chihuahua",Activo
315,Campañas,"Campaña de comunicación social","Campaña de Predial",2018,enero-marzo,2018-01-01,2018-03-31,"Municipio de Chihuahua","Municipio de Chihuahua",Activo
316,"Avisos Institucionales",Avisos,"Escudo semana santa	",2019,abril-junio,2019-04-01,2019-06-30,"Municipio de Chihuahua","Municipio de Chihuahua",Activo
317,"Avisos Institucionales",Licitaciones,"licitacion l.p.i.c.m 02/19bis, 03/19bis, 04/19bis, 05/19bis	",2019,abril-junio,2019-04-01,2019-06-30,"Municipio de Chihuahua","Municipio de Chihuahua",Activo
318,Campañas,"Campaña de comunicación social","Ciudad Más Limpia/ Desc. del Predial",2018,enero-marzo,2018-01-01,2018-03-31,"Municipio de Chihuahua","Municipio de Chihuahua",Activo
319,"Avisos Institucionales",Otros,"1/4PUB. DE PROYECTOS PRODUCTIVOS/DIRECCIÓN DE DES. ECONÓMICO Y TURÍSTICO",2018,octubre-diciembre,2018-10-01,2018-12-31,"Municipio de Chihuahua","Municipio de Chihuahua",Activo
320,"Avisos Institucionales",Licitaciones,"licitacion o.m. 20/19	",2019,abril-junio,2019-04-01,2019-06-30,"Municipio de Chihuahua","Municipio de Chihuahua",Activo
321,Campañas,"Campaña de promoción y publicidad","Publicación De Licitación Publica 19/18 Bis-Oficialia Mayor",2018,enero-marzo,2018-01-01,2018-03-31,"Municipio de Chihuahua","Municipio de Chihuahua",Activo
322,"Avisos Institucionales",Convocatorias,"1/4PUB. DE LICITACIÓN PÚBLICA O.M 71/18 OFICIALÍA MAYOR",2018,octubre-diciembre,2018-10-01,2018-12-31,"Municipio de Chihuahua","Municipio de Chihuahua",Activo
323,Campañas,"Campaña de comunicación social","Juntos una mejor escuela	",2019,abril-junio,2019-05-26,2019-05-26,"Municipio de Chihuahua","Municipio de Chihuahua",Activo
324,Campañas,"Campaña de comunicación social","Publicación de CANACINTRA/ DESPACHO DE LA ALCALDIA",2018,enero-marzo,2018-01-01,2018-03-31,"Municipio de Chihuahua","Municipio de Chihuahua",Activo
325,"Avisos Institucionales","Padrones de beneficiarios","Roba plana beneficiados becas deportivas  /imcf	",2019,abril-junio,2019-04-01,2019-06-30,"Municipio de Chihuahua","Municipio de Chihuahua",Activo
326,"Avisos Institucionales",Otros,"1/4PUB. DE FELICITACIÓN LIC. FEDERICO BAEZA MARES",2018,octubre-diciembre,2018-10-01,2018-12-31,"Municipio de Chihuahua","Municipio de Chihuahua",Activo
327,Campañas,"Campaña de comunicación social","Fiesta De Luz 2018.",2018,enero-marzo,2018-01-01,2018-03-31,"Municipio de Chihuahua","Municipio de Chihuahua",Activo
328,Campañas,"Campaña de comunicación social","CORREDOR SUR MC",2018,octubre-diciembre,2018-10-01,2018-12-31,"Municipio de Chihuahua","Municipio de Chihuahua",Activo
329,Campañas,"Campaña de comunicación social","Predial/ Becas de Transporte/ Invitación A Pagar el Predial",2018,enero-marzo,2018-01-01,2018-03-31,"Municipio de Chihuahua","Municipio de Chihuahua",Activo
330,Campañas,"Campaña de comunicación social","Campaña Fiesta de Luz/ Ciudad Más Limpia",2018,enero-marzo,2018-01-01,2018-03-31,"Municipio de Chihuahua","Municipio de Chihuahua",Activo
331,Campañas,"Campaña de comunicación social","Ciudad Más Limpia/ Fiesta de Luz",2018,enero-marzo,2018-01-01,2018-03-31,"Municipio de Chihuahua","Municipio de Chihuahua",Activo
332,Campañas,"Campaña de promoción y publicidad",NORTEC,2018,octubre-diciembre,2018-10-01,2018-12-31,"Municipio de Chihuahua","Municipio de Chihuahua",Activo
333,"Avisos Institucionales",Avisos,"CINTILLO BYN",2018,octubre-diciembre,2018-10-01,2018-12-31,"Municipio de Chihuahua","Municipio de Chihuahua",Activo
334,Campañas,"Campaña de comunicación social","Fiesta de Luz 2018/ Ampliación de Carretera Aldama Chihuahua",2018,enero-marzo,2018-01-01,2018-03-31,"Municipio de Chihuahua","Municipio de Chihuahua",Activo
335,Campañas,"Campaña de comunicación social","Predial de Marzo",2018,enero-marzo,2018-01-01,2018-03-31,"Municipio de Chihuahua","Municipio de Chihuahua",Activo
336,"Avisos Institucionales",Avisos,"CORTE DEL MES NOVIEMBRE",2018,octubre-diciembre,2018-10-01,2018-12-31,"Municipio de Chihuahua","Municipio de Chihuahua",Activo
337,"Avisos Institucionales",Convocatorias,"1/4 PUB. INFORME DE LA UACH/ALCALDÍA",2018,octubre-diciembre,2018-10-01,2018-12-31,"Municipio de Chihuahua","Municipio de Chihuahua",Activo
338,Campañas,"Campaña de comunicación social","Predial de Febrero.",2018,enero-marzo,2018-01-01,2018-03-31,"Municipio de Chihuahua","Municipio de Chihuahua",Activo
339,"Avisos Institucionales",Convocatorias,"1/4 PUB. LICITACIÓN OM 57/18 OFICIALÍA MAYOR",2018,octubre-diciembre,2018-10-01,2018-12-31,"Municipio de Chihuahua","Municipio de Chihuahua",Activo
340,Campañas,"Campaña de comunicación social","Feria de la Salud",2018,enero-marzo,2018-01-01,2018-03-31,"Municipio de Chihuahua","Municipio de Chihuahua",Activo
341,Campañas,"Campaña de comunicación social","Descuento del Predial Enero 2018",2018,enero-marzo,2018-01-01,2018-03-31,"Municipio de Chihuahua","Municipio de Chihuahua",Activo
342,"Avisos Institucionales",Avisos,"luminarias  juntos una mejor ciudad",2019,abril-junio,2019-04-01,2019-06-30,"Municipio de Chihuahua","Municipio de Chihuahua",Activo
343,Campañas,"Campaña de comunicación social","Descuento del Predial Febrero",2018,enero-marzo,2018-01-01,2018-03-31,"Municipio de Chihuahua","Municipio de Chihuahua",Activo
344,Campañas,"Campaña de comunicación social","Becas Academicas.",2018,enero-marzo,2018-01-01,2018-03-31,"Municipio de Chihuahua","Municipio de Chihuahua",Activo
345,Campañas,"Campaña de comunicación social","becas luminarias",2019,abril-junio,2019-04-01,2019-06-30,"Municipio de Chihuahua","Municipio de Chihuahua",Activo
346,Campañas,"Campaña de comunicación social","Convocatoría Parque 3 Presas/ Fideicomiso Parque 3 Presas",2018,enero-marzo,2018-01-01,2018-03-31,"Municipio de Chihuahua","Municipio de Chihuahua",Activo
347,Campañas,"Campaña de comunicación social","luminarias  juntos una mejor ciudad	",2019,abril-junio,2019-04-01,2019-06-30,"Municipio de Chihuahua","Municipio de Chihuahua",Activo
348,Campañas,"Campaña de promoción y publicidad","Publicación de Felicitación Mamás/ Comunicación Social",2018,enero-marzo,2018-01-01,2018-03-31,"Municipio de Chihuahua","Municipio de Chihuahua",Activo
349,"Avisos Institucionales",Avisos,"predial de marzo  becas  iluminacion	",2019,abril-junio,2019-04-01,2019-06-30,"Municipio de Chihuahua","Municipio de Chihuahua",Activo
350,Campañas,"Campaña de promoción y publicidad","Publicación de la Escuela de Policia/ Dirección de Seguridad Publica Municipal",2018,enero-marzo,2018-01-01,2018-03-31,"Municipio de Chihuahua","Municipio de Chihuahua",Activo
351,"Avisos Institucionales",Avisos,"predial becas  iluminemos chihuahua	",2019,abril-junio,2019-04-01,2019-06-30,"Municipio de Chihuahua","Municipio de Chihuahua",Activo
352,Campañas,"Campaña de comunicación social","Aprovechar el Descuento del Predial",2018,enero-marzo,2018-01-01,2018-03-31,"Municipio de Chihuahua","Municipio de Chihuahua",Activo
353,Campañas,"Campaña de promoción y publicidad","Spot Aldama 1",2018,enero-marzo,2018-01-01,2018-03-31,"Municipio de Chihuahua","Municipio de Chihuahua",Activo
354,Campañas,"Campaña de comunicación social","Invitación de Pago de Predial.",2018,enero-marzo,2018-01-01,2018-03-31,"Municipio de Chihuahua","Municipio de Chihuahua",Activo
355,Campañas,"Campaña de comunicación social","Ampliación de Carretera Aldama Chihuahua/ Ciudad Más Limpia/ Aprovechar el Desc. del Predial",2018,enero-marzo,2018-01-01,2018-03-31,"Municipio de Chihuahua","Municipio de Chihuahua",Activo
356,"Avisos Institucionales",Avisos,"1/4 PUB. DE PROGRAMA DE ACOMPAÑAMIENTO BANCARIO/DIR. DE SEG PÚBLICA",2018,octubre-diciembre,2018-10-01,2018-12-31,"Municipio de Chihuahua","Municipio de Chihuahua",Activo
357,Campañas,"Campaña de comunicación social","Pagar el Predial/ Fiesta de Luz",2018,enero-marzo,2018-01-01,2018-03-31,"Municipio de Chihuahua","Municipio de Chihuahua",Activo
358,"Avisos Institucionales",Convocatorias,"1/4 PUB. DE LICITACIÓN PÚBLICA O.M 62/18 OFICIALÍA",2018,octubre-diciembre,2018-10-01,2018-12-31,"Municipio de Chihuahua","Municipio de Chihuahua",Activo
359,Campañas,"Campaña de comunicación social","Invitación de Aprovechar el Predial de Enero",2018,enero-marzo,2018-01-01,2018-03-31,"Municipio de Chihuahua","Municipio de Chihuahua",Activo
360,Campañas,"Campaña de comunicación social","Becas  Academicas",2018,enero-marzo,2018-01-01,2018-03-31,"Municipio de Chihuahua","Municipio de Chihuahua",Activo
361,"Avisos Institucionales",Avisos,"1/4PUB. DE CIERRE POR CONSTRUCCIÓN SEG. ETAPA DRENAJE/OBRAS PÚBLICAS",2018,octubre-diciembre,2018-10-01,2018-12-31,"Municipio de Chihuahua","Municipio de Chihuahua",Activo
362,Campañas,"Campaña de comunicación social","Desc. del Predial de Enero",2018,enero-marzo,2018-01-01,2018-03-31,"Municipio de Chihuahua","Municipio de Chihuahua",Activo
363,Campañas,"Campaña de promoción y publicidad","Felicitaciones de Expo Chihuahua Despacho de la Alcaldía ",2018,enero-marzo,2018-01-01,2018-03-31,"Municipio de Chihuahua","Municipio de Chihuahua",Activo
364,"Avisos Institucionales",Concursos,"1/4PUB DE CONCURSO DE FOTOGRÁFICA/DIRECCIÓN DE DES. ECONÓMICO Y TURÍSTICO",2018,octubre-diciembre,2018-10-01,2018-12-31,"Municipio de Chihuahua","Municipio de Chihuahua",Activo
365,Campañas,"Campaña de comunicación social","Publicación de L.P. FPMTP/LP/02/2018-FIDEICOMISO Parque Metropolitano Parque 3 Presas",2018,enero-marzo,2018-01-01,2018-03-31,"Municipio de Chihuahua","Municipio de Chihuahua",Activo
366,Campañas,"Campaña de promoción y publicidad","CAPITAL CITIES",2018,octubre-diciembre,2018-10-01,2018-12-31,"Municipio de Chihuahua","Municipio de Chihuahua",Activo
367,Campañas,"Campaña de comunicación social","Invitación de Becas de Transporte",2018,enero-marzo,2018-01-01,2018-03-31,"Municipio de Chihuahua","Municipio de Chihuahua",Activo
368,Campañas,"Campaña de promoción y publicidad",JUANES,2018,octubre-diciembre,2018-10-01,2018-12-31,"Municipio de Chihuahua","Municipio de Chihuahua",Activo
369,Campañas,"Campaña de comunicación social","Pago del Predial",2018,enero-marzo,2018-01-01,2018-03-31,"Municipio de Chihuahua","Municipio de Chihuahua",Activo
370,Campañas,"Campaña de comunicación social","SEGURIDAD MC",2018,octubre-diciembre,2018-10-01,2018-12-31,"Municipio de Chihuahua","Municipio de Chihuahua",Activo
371,Campañas,"Campaña de comunicación social","Tarjetas/B. Excelencia B. Transporte/ Predial/ Marca el Cambio",2018,enero-marzo,2018-01-01,2018-03-31,"Municipio de Chihuahua","Municipio de Chihuahua",Activo
372,Campañas,"Campaña de comunicación social","TARJETA MUNICIPIO DE CHIHUAHUA",2018,octubre-diciembre,2018-10-01,2018-12-31,"Municipio de Chihuahua","Municipio de Chihuahua",Activo
373,"Avisos Institucionales",Convocatorias,"JORNADA CÍVICA",2018,octubre-diciembre,2018-10-01,2018-12-31,"Municipio de Chihuahua","Municipio de Chihuahua",Activo
374,"Avisos Institucionales",Otros,"1/4 DE PUBLICACIÓN DE FELICITACIÓN COPARMEX- DESPACHO DE LA ALCALDÍA",2018,octubre-diciembre,2018-10-01,2018-12-31,"Municipio de Chihuahua","Municipio de Chihuahua",Activo
375,"Avisos Institucionales",Otros,"1/4 DE PUB FELICITACIÓN A LA CMC",2018,octubre-diciembre,2018-10-01,2018-12-31,"Municipio de Chihuahua","Municipio de Chihuahua",Activo
376,"Avisos Institucionales",Concursos,"1/4 PUB. DE CARRERA RETO LLENA TU BOLSA/DIR. DE DES. URBANO Y ECOLÓGICO",2018,octubre-diciembre,2018-10-01,2018-12-31,"Municipio de Chihuahua","Municipio de Chihuahua",Activo
377,"Avisos Institucionales",Convocatorias,"1/4 PUB. DE LICITACIÓN PÚBLICA O.M 03/18 IMPE",2018,octubre-diciembre,2018-10-01,2018-12-31,"Municipio de Chihuahua","Municipio de Chihuahua",Activo
378,"Avisos Institucionales",Convocatorias,"1/4PUB. DE PROYECTOS PRODUCTIVOS/DIRE. DE DES. ECONÓMICO Y TURISMO",2018,octubre-diciembre,2018-10-01,2018-12-31,"Municipio de Chihuahua","Municipio de Chihuahua",Activo
379,Campañas,"Campaña de comunicación social","CIERRES DE LA CANTERA",2018,octubre-diciembre,2018-10-01,2018-12-31,"Municipio de Chihuahua","Municipio de Chihuahua",Activo
380,Campañas,"Campaña de comunicación social","CORREDOR MC",2018,octubre-diciembre,2018-10-01,2018-12-31,"Municipio de Chihuahua","Municipio de Chihuahua",Activo
381,Campañas,"Campaña de comunicación social","CORREDOR MUNICIPIO DE CHIHUAHUA",2018,octubre-diciembre,2018-10-01,2018-12-31,"Municipio de Chihuahua","Municipio de Chihuahua",Activo
382,Campañas,"Campaña de comunicación social","Fiesta de Luz/ Invitación A Pagar el Predial",2018,enero-marzo,2018-01-01,2018-03-31,"Municipio de Chihuahua","Municipio de Chihuahua",Activo
383,"Avisos Institucionales",Convocatorias,"PUBLICACIÓN DE LICITACIÓN IMPE/LP/06/2018- IMPE",2018,octubre-diciembre,2018-10-01,2018-12-31,"Municipio de Chihuahua","Municipio de Chihuahua",Activo
384,Campañas,"Campaña de comunicación social","Predial Desc.",2018,enero-marzo,2018-01-01,2018-03-31,"Municipio de Chihuahua","Municipio de Chihuahua",Activo
385,Campañas,"Campaña de comunicación social","DESCUENTO PREDIAL 2018",2018,octubre-diciembre,2018-10-01,2018-12-31,"Municipio de Chihuahua","Municipio de Chihuahua",Activo
386,Campañas,"Campaña de comunicación social","Chihuahua Emprende/ Destilichadero",2018,enero-marzo,2018-01-01,2018-03-31,"Municipio de Chihuahua","Municipio de Chihuahua",Activo
387,"Avisos Institucionales",Convocatorias,"1/4 DE PUB. DE MEJORANDO LA CALIDAD DE VIDA",2018,octubre-diciembre,2018-10-01,2018-12-31,"Municipio de Chihuahua","Municipio de Chihuahua",Activo
388,Campañas,"Campaña de comunicación social","Desc. del Predial del Mes de Febrero 2018",2018,enero-marzo,2018-01-01,2018-03-31,"Municipio de Chihuahua","Municipio de Chihuahua",Activo
389,Campañas,"Campaña de promoción y publicidad","Pelea de Box/ Ampliación Carretera Aldama",2018,enero-marzo,2018-01-01,2018-03-31,"Municipio de Chihuahua","Municipio de Chihuahua",Activo
390,"Avisos Institucionales",Otros,"1/4PUB. DE FICUU 2018",2018,octubre-diciembre,2018-10-01,2018-12-31,"Municipio de Chihuahua","Municipio de Chihuahua",Activo
391,Campañas,"Campaña de comunicación social","Conferencias del Día de la Mujer/ Ciudad Más Limpia",2018,enero-marzo,2018-01-01,2018-03-31,"Municipio de Chihuahua","Municipio de Chihuahua",Activo
392,"Avisos Institucionales",Convocatorias,"1/4 PUB. DE CONVOCATORIA PLAN MPAL DE DES/DIRECCIÓN DE PLANEACIÓN Y EVALUACIÓN",2018,octubre-diciembre,2018-10-01,2018-12-31,"Municipio de Chihuahua","Municipio de Chihuahua",Activo
393,Campañas,"Campaña de promoción y publicidad","2 Banner Vehículos Especiales DSPM/ Distribuidor Homero/ Grutas/ UACH C.",2018,enero-marzo,2018-01-01,2018-03-31,"Municipio de Chihuahua","Municipio de Chihuahua",Activo
394,"Avisos Institucionales",Convocatorias,"1/4 PUB. DE PROGRAMA DE BECAS/INSTITUTO MPAL DE CULTURAL FÍSICA Y DEPORTE",2018,octubre-diciembre,2018-10-01,2018-12-31,"Municipio de Chihuahua","Municipio de Chihuahua",Activo
395,Campañas,"Campaña de comunicación social","Academicas Rurales/ Escudo Escolar/ 911/DARE/ Visita Cerro Grande",2018,enero-marzo,2018-01-01,2018-03-31,"Municipio de Chihuahua","Municipio de Chihuahua",Activo
396,"Avisos Institucionales",Convocatorias,"1/4 PUB. DE SEMINARIO DE MARKENTING/DIRECCIÓN DE DESARROLLO ECONÓMICO",2018,octubre-diciembre,2018-10-01,2018-12-31,"Municipio de Chihuahua","Municipio de Chihuahua",Activo
397,Campañas,"Campaña de comunicación social","Desc. del Predial del Mes de Enero 2018",2018,enero-marzo,2018-01-01,2018-03-31,"Municipio de Chihuahua","Municipio de Chihuahua",Activo
398,Campañas,"Campaña de comunicación social","DESC/PAGO DEL PREDIAL NOVIEMBRE-DICIEMBRE",2018,octubre-diciembre,2018-10-01,2018-12-31,"Municipio de Chihuahua","Municipio de Chihuahua",Activo
399,Campañas,"Campaña de promoción y publicidad","Publicación Becas Rural/ Dirección de Desarrollo Rural",2018,enero-marzo,2018-01-01,2018-03-31,"Municipio de Chihuahua","Municipio de Chihuahua",Activo
400,Campañas,"Campaña de comunicación social","TARJETA DE LA MUJER SORIANA",2018,octubre-diciembre,2018-10-01,2018-12-31,"Municipio de Chihuahua","Municipio de Chihuahua",Activo
401,Campañas,"Campaña de comunicación social","Desc. Predial de Febrero",2018,enero-marzo,2018-01-01,2018-03-31,"Municipio de Chihuahua","Municipio de Chihuahua",Activo
402,"Avisos Institucionales",Convocatorias,"1/4PUB LICITACIÓN PUB. O.M 47/18 OFICIALÍA MAYOR",2018,octubre-diciembre,2018-10-01,2018-12-31,"Municipio de Chihuahua","Municipio de Chihuahua",Activo
403,Campañas,"Campaña de comunicación social","Tarjetas/B. Excelencia B. Transporte/ Predial/ Marca el Cambio.",2018,enero-marzo,2018-01-01,2018-03-31,"Municipio de Chihuahua","Municipio de Chihuahua",Activo
404,"Avisos Institucionales",Convocatorias,"1/4 PUB. DE LICITACIÓN PÚBLICA LP/01/2018-IMPE",2018,octubre-diciembre,2018-10-01,2018-12-31,"Municipio de Chihuahua","Municipio de Chihuahua",Activo
405,Campañas,"Campaña de comunicación social","Chihuahua Emprende/ Gaza Juventud/ Becas Discapacidad/ C. Benito Juárez/ B. Adulto Mayor",2018,enero-marzo,2018-01-01,2018-03-31,"Municipio de Chihuahua","Municipio de Chihuahua",Activo
406,Campañas,"Campaña de comunicación social","EXPO VOCACIÓN/ B. DEPORTIVAS/GACETA MUNICIPAL/ DESTILICHADER/HALCÓN",2018,enero-marzo,2018-01-01,2018-03-31,"Municipio de Chihuahua","Municipio de Chihuahua",Activo
407,"Avisos Institucionales",Avisos,"1/4 PUB. DE CIERRE TURBO GLORIETAS/OBRAS PÚBLICAS",2018,octubre-diciembre,2018-10-01,2018-12-31,"Municipio de Chihuahua","Municipio de Chihuahua",Activo
408,Campañas,"Campaña de comunicación social","B. ACADEMICAS RURALES/ ESCUDO ESCOLAR/ 911/ DARE/ VISTAS CERRO GRANDE",2018,enero-marzo,2018-01-01,2018-03-31,"Municipio de Chihuahua","Municipio de Chihuahua",Activo
409,"Avisos Institucionales",Avisos,"1/4 P. DE CIERRE TURBO GLORIETAS/OBRAS PÚBLICAS",2018,octubre-diciembre,2018-10-01,2018-12-31,"Municipio de Chihuahua","Municipio de Chihuahua",Activo
410,"Avisos Institucionales",Convocatorias,"1/4PUB. DE LICITACIÓN/IMPE/LP/06/2018",2018,octubre-diciembre,2018-10-01,2018-12-31,"Municipio de Chihuahua","Municipio de Chihuahua",Activo
411,Campañas,"Campaña de comunicación social","VEHÍCULOS ESPECIALES DSPM/ DISTRIBUIDOR HOMERO/  GRUTAS / UACH C. COMUNITARIOS/ DRENAJE",2018,enero-marzo,2018-01-01,2018-03-31,"Municipio de Chihuahua","Municipio de Chihuahua",Activo
412,Campañas,"Campaña de comunicación social"," ACADEMICAS RURALES/ ESCUDO ESCOLAR/ 911/ DARE/ VISTAS CERRO GRANDE ",2018,enero-marzo,2018-01-01,2018-03-31,"Municipio de Chihuahua","Municipio de Chihuahua",Activo
413,"Avisos Institucionales",Avisos,"1/4PUB. DE CIERRE PARCIAL DE LA CANTERA/DIREC. DE MTTO URBANO",2018,octubre-diciembre,2018-10-01,2018-12-31,"Municipio de Chihuahua","Municipio de Chihuahua",Activo
414,Campañas,"Campaña de comunicación social","Ampliación de Carretera Aldama",2018,enero-marzo,2018-01-01,2018-03-31,"Municipio de Chihuahua","Municipio de Chihuahua",Activo
415,Campañas,"Campaña de comunicación social","Ampliación de Carretera Aldama.",2018,enero-marzo,2018-01-01,2018-03-31,"Municipio de Chihuahua","Municipio de Chihuahua",Activo
416,Campañas,"Campaña de comunicación social","Ciudad Más Limpia/ Invitación de Aprovechar el Descuento del Predual",2018,enero-marzo,2018-01-01,2018-03-31,"Municipio de Chihuahua","Municipio de Chihuahua",Activo
417,Campañas,"Campaña de comunicación social","Distribuidor Vial Homero",2018,enero-marzo,2018-01-01,2018-03-31,"Municipio de Chihuahua","Municipio de Chihuahua",Activo
418,Campañas,"Campaña de comunicación social","IMM SORIANA  TARJETA  DE MI BIEN  MI BIENESTAR",2018,octubre-diciembre,2018-10-01,2018-12-31,"Municipio de Chihuahua","Municipio de Chihuahua",Activo
419,Campañas,"Campaña de comunicación social","Gaza Juventud",2018,enero-marzo,2018-01-01,2018-03-31,"Municipio de Chihuahua","Municipio de Chihuahua",Activo
420,"Avisos Institucionales",Convocatorias,"1/4PUB LICITACIÓN PUB. O.M 48/18 OFICIALÍA MAYOR",2018,octubre-diciembre,2018-10-01,2018-12-31,"Municipio de Chihuahua","Municipio de Chihuahua",Activo
421,Campañas,"Campaña de comunicación social","Becas de TRansporte.",2018,enero-marzo,2018-01-01,2018-03-31,"Municipio de Chihuahua","Municipio de Chihuahua",Activo
422,"Avisos Institucionales",Convocatorias,"1/4PUB LICITACION PUB. O.M 49/18 OFICIALÍA MAYOR",2018,octubre-diciembre,2018-10-01,2018-12-31,"Municipio de Chihuahua","Municipio de Chihuahua",Activo
423,Campañas,"Campaña de comunicación social","Predial Desc./ Becas de Transporte",2018,enero-marzo,2018-01-01,2018-03-31,"Municipio de Chihuahua","Municipio de Chihuahua",Activo
424,Campañas,"Campaña de comunicación social","Desc. del Predial de Febrero.",2018,enero-marzo,2018-01-01,2018-03-31,"Municipio de Chihuahua","Municipio de Chihuahua",Activo
425,"Avisos Institucionales",Convocatorias,"1/4PUB. DE LICITACÓN PÚBLICA OM 50/2018 BIS OFICIALÍA MAYOR",2018,octubre-diciembre,2018-10-01,2018-12-31,"Municipio de Chihuahua","Municipio de Chihuahua",Activo
426,Campañas,"Campaña de comunicación social","Distribuidor Previo Homero",2018,enero-marzo,2018-01-01,2018-03-31,"Municipio de Chihuahua","Municipio de Chihuahua",Activo
427,"Avisos Institucionales",Avisos,"1/4 PUB. DE CIERRES DE CALLES/OBRAS PÚBLICAS",2018,octubre-diciembre,2018-10-01,2018-12-31,"Municipio de Chihuahua","Municipio de Chihuahua",Activo
428,Campañas,"Campaña de comunicación social","La Pelea de Box/ Ampliación Carretera Aldama",2018,enero-marzo,2018-01-01,2018-03-31,"Municipio de Chihuahua","Municipio de Chihuahua",Activo
429,"Avisos Institucionales",Avisos,"1/8 PUB. FE DE ERRATAS",2018,octubre-diciembre,2018-10-01,2018-12-31,"Municipio de Chihuahua","Municipio de Chihuahua",Activo
430,Campañas,"Campaña de comunicación social","Beca Discapacidad/ Dirección de Desarrollo Humano y Educación",2018,enero-marzo,2018-01-01,2018-03-31,"Municipio de Chihuahua","Municipio de Chihuahua",Activo
431,"Avisos Institucionales",Licitaciones,"1/4PUB DE LICITACIÓN O.M 72/2018 OFICIALÍA MAYOR",2018,octubre-diciembre,2018-10-01,2018-12-31,"Municipio de Chihuahua","Municipio de Chihuahua",Activo
432,Campañas,"Campaña de comunicación social","Publicación de Información de Facturación/ Tesorería",2018,enero-marzo,2018-01-01,2018-03-31,"Municipio de Chihuahua","Municipio de Chihuahua",Activo
433,Campañas,"Campaña de comunicación social","CAMPAÑA DEL PREDIAL DE DICIEMBRE 2018",2018,octubre-diciembre,2018-10-01,2018-12-31,"Municipio de Chihuahua","Municipio de Chihuahua",Activo
434,"Avisos Institucionales",Licitaciones,"LICITACIÓN 46/18 BIS BYN",2018,octubre-diciembre,2018-10-01,2018-12-31,"Municipio de Chihuahua","Municipio de Chihuahua",Activo
435,"Avisos Institucionales",Licitaciones,"1/4PUB. LICITACIÓN PUB. O.M 50/18 OFICIALÍA MAYOR",2018,octubre-diciembre,2018-10-01,2018-12-31,"Municipio de Chihuahua","Municipio de Chihuahua",Activo
436,"Avisos Institucionales",Avisos,"1/4PUB CIERRE GLORIETAS/OBRAS PÚBLICAS",2018,octubre-diciembre,2018-10-01,2018-12-31,"Municipio de Chihuahua","Municipio de Chihuahua",Activo
437,Campañas,"Campaña de promoción y publicidad","De publicacion de los conscriptos de la clase 2001/ despacho de la alcaldia	",2019,abril-junio,2019-04-01,2019-06-30,"Municipio de Chihuahua","Municipio de Chihuahua",Activo
438,"Avisos Institucionales",Aclaraciones,"Corte mes Diciembre	",2019,abril-junio,2019-04-01,2019-06-30,"Municipio de Chihuahua","Municipio de Chihuahua",Activo
439,Campañas,"Campaña de promoción y publicidad",lpom07/19,2019,abril-junio,2019-04-01,2019-06-30,"Municipio de Chihuahua","Municipio de Chihuahua",Activo
440,Campañas,"Campaña de comunicación social","lp08/19	",2019,abril-junio,2019-04-01,2019-06-30,"Municipio de Chihuahua","Municipio de Chihuahua",Activo
441,Campañas,"Campaña de comunicación social","Chihuahua es tu ciudad disfrutala	",2019,abril-junio,2019-04-01,2019-06-30,"Municipio de Chihuahua","Municipio de Chihuahua",Activo
442,"Avisos Institucionales",Licitaciones,"licitacion o.m. 21/19	",2019,abril-junio,2019-04-01,2019-06-30,"Municipio de Chihuahua","Municipio de Chihuahua",Activo
443,"Avisos Institucionales",Avisos,"Juntos cuidamos tu patrimonio status",2019,abril-junio,2019-04-01,2019-06-30,"Municipio de Chihuahua","Municipio de Chihuahua",Activo
444,"Avisos Institucionales",Otros,"1/4 condolencia de genaro almeida / despacho  de la alcaldia	",2019,abril-junio,2019-04-01,2019-06-30,"Municipio de Chihuahua","Municipio de Chihuahua",Activo
445,"Avisos Institucionales",Avisos,"Predial luminarias trubo glorietas	",2019,abril-junio,2019-04-01,2019-06-30,"Municipio de Chihuahua","Municipio de Chihuahua",Activo
446,"Avisos Institucionales",Avisos,"iniciamos la construcción turbo   las molestias  son temporales  y los beneficios permanentes",2019,abril-junio,2019-04-01,2019-06-30,"Municipio de Chihuahua","Municipio de Chihuahua",Activo
447,"Avisos Institucionales",Avisos,"Becas , predial iluminamos	",2019,abril-junio,2019-04-01,2019-06-30,"Municipio de Chihuahua","Municipio de Chihuahua",Activo
448,"Avisos Institucionales",Aclaraciones,"publicacion de los conscriptos de la clase 2001/ despacho de la alcaldia	",2019,abril-junio,2019-04-01,2019-06-30,"Municipio de Chihuahua","Municipio de Chihuahua",Activo
449,"Avisos Institucionales",Avisos,"Corte año 2018	",2019,abril-junio,2019-04-01,2019-06-30,"Municipio de Chihuahua","Municipio de Chihuahua",Activo
450,Campañas,"Campaña de comunicación social","Invitación de Pagar el Predial.",2018,enero-marzo,2018-01-01,2018-03-31,"Municipio de Chihuahua","Municipio de Chihuahua",Activo
451,Campañas,"Campaña de comunicación social","Felicitación 2do inf. de gobierno	",2019,abril-junio,2019-04-01,2019-06-30,"Municipio de Chihuahua","Municipio de Chihuahua",Activo
452,Campañas,"Campaña de comunicación social","Predial de Febrero/ Becas de Transporte",2018,enero-marzo,2018-01-01,2018-03-31,"Municipio de Chihuahua","Municipio de Chihuahua",Activo
453,Campañas,"Campaña de comunicación social","lp09/19	",2019,abril-junio,2019-04-01,2019-06-30,"Municipio de Chihuahua","Municipio de Chihuahua",Activo
454,Campañas,"Campaña de comunicación social","Becas de Discapacidad",2018,enero-marzo,2018-01-01,2018-03-31,"Municipio de Chihuahua","Municipio de Chihuahua",Activo
455,"Avisos Institucionales",Otros,"condolencia papá dip. misael maynez	",2019,abril-junio,2019-04-01,2019-06-30,"Municipio de Chihuahua","Municipio de Chihuahua",Activo
456,"Avisos Institucionales",Licitaciones,"1/4PUB. DE LICITACIÓN PÚBLICA O.M 63/18 OFICIALÍA",2018,octubre-diciembre,2018-10-01,2018-12-31,"Municipio de Chihuahua","Municipio de Chihuahua",Activo
457,Campañas,"Campaña de comunicación social","Benito Juárez/ Becas de Adulto Mayor",2018,enero-marzo,2018-01-01,2018-03-31,"Municipio de Chihuahua","Municipio de Chihuahua",Activo
458,"Avisos Institucionales",Convocatorias,"conv. bomberos	",2019,abril-junio,2019-04-01,2019-06-30,"Municipio de Chihuahua","Municipio de Chihuahua",Activo
459,"Avisos Institucionales","Padrones de beneficiarios","becas 2019 status	",2019,abril-junio,2019-04-01,2019-06-30,"Municipio de Chihuahua","Municipio de Chihuahua",Activo
460,Campañas,"Campaña de comunicación social","Gaza de Circulación ",2018,enero-marzo,2018-01-01,2018-03-31,"Municipio de Chihuahua","Municipio de Chihuahua",Activo
461,Campañas,"Campaña de comunicación social","Dist. Homero Previo",2018,enero-marzo,2018-01-01,2018-03-31,"Municipio de Chihuahua","Municipio de Chihuahua",Activo
462,"Avisos Institucionales",Licitaciones,"1/4licitacion  om 24/2019 bis - oficialia mayor	",2019,abril-junio,2019-04-01,2019-06-30,"Municipio de Chihuahua","Municipio de Chihuahua",Activo
463,Campañas,"Campaña de comunicación social","Radio Dist. Hom Tec",2018,enero-marzo,2018-01-01,2018-03-31,"Municipio de Chihuahua","Municipio de Chihuahua",Activo
464,Campañas,"Campaña de comunicación social","conéctate escudo chihuahua	",2019,abril-junio,2019-04-01,2019-06-30,"Municipio de Chihuahua","Municipio de Chihuahua",Activo
465,Campañas,"Campaña de comunicación social","Descuento del Predial del Més de Enero",2018,enero-marzo,2018-01-01,2018-03-31,"Municipio de Chihuahua","Municipio de Chihuahua",Activo
466,Campañas,"Campaña de comunicación social","conmemoración de la mujer	",2019,abril-junio,2019-04-01,2019-06-30,"Municipio de Chihuahua","Municipio de Chihuahua",Activo
467,Campañas,"Campaña de comunicación social","Predial de Enero/ Tarjera de la Mujer",2018,enero-marzo,2018-01-01,2018-03-31,"Municipio de Chihuahua","Municipio de Chihuahua",Activo
468,"Avisos Institucionales",Avisos,"predial descuento marzo gobierno municipal en tu celular	",2019,abril-junio,2019-04-01,2019-06-30,"Municipio de Chihuahua","Municipio de Chihuahua",Activo
469,Campañas,"Campaña de comunicación social","Pago de Predial de Enero/ Terjera de la Mujer",2018,enero-marzo,2018-01-01,2018-03-31,"Municipio de Chihuahua","Municipio de Chihuahua",Activo
470,Campañas,"Campaña de comunicación social","Becas Academicas/ Pago del Predial/ Corredor de Vista Cerro Grande",2018,enero-marzo,2018-01-01,2018-03-31,"Municipio de Chihuahua","Municipio de Chihuahua",Activo
471,Campañas,"Campaña de comunicación social","BECAS   TRANSPORTE / ESCUDO ESCOLAR/ 911/ DARE/ VISTAS CERRO GRANDE",2018,enero-marzo,2018-01-01,2018-03-31,"Municipio de Chihuahua","Municipio de Chihuahua",Activo
472,"Avisos Institucionales",Bases,"haz crecer tu negocio",2019,abril-junio,2019-04-01,2019-06-30,"Municipio de Chihuahua","Municipio de Chihuahua",Activo
473,Campañas,"Campaña de comunicación social","BECAS   RURALES/ ESCUDO ESCOLAR/ 911/ DARE/ VISTAS CERRO GRANDE",2018,enero-marzo,2018-01-01,2018-03-31,"Municipio de Chihuahua","Municipio de Chihuahua",Activo
474,Campañas,"Campaña de comunicación social"," DESC DEL PREDIAL/ BECAS ACADEMICAS  RURALES/   ESCUDO ESCOLAR/  CORREDOR  VISTA CERRO GRANDE ",2018,enero-marzo,2018-01-01,2018-03-31,"Municipio de Chihuahua","Municipio de Chihuahua",Activo
475,Campañas,"Campaña de comunicación social","PUBLICACIÓN DE BECAS ADULTO MAYOR/ PAAM.",2018,enero-marzo,2018-01-01,2018-03-31,"Municipio de Chihuahua","Municipio de Chihuahua",Activo
476,Campañas,"Campaña de comunicación social","PUBLICACION DE CONFERENCIA AMBIENTAL/ DESPACHO DE LA ALCALDIA.",2018,enero-marzo,2018-01-01,2018-03-31,"Municipio de Chihuahua","Municipio de Chihuahua",Activo
477,Campañas,"Campaña de comunicación social","INVITACION A PAGAR LE PREDIAL",2018,enero-marzo,2018-01-01,2018-03-31,"Municipio de Chihuahua","Municipio de Chihuahua",Activo
478,Campañas,"Campaña de comunicación social","VEHÍCULOS ESPECIALES DSPM/ DISTRIBUIDOR HOMERO",2018,enero-marzo,2018-01-01,2018-03-31,"Municipio de Chihuahua","Municipio de Chihuahua",Activo
479,Campañas,"Campaña de promoción y publicidad","CONFERENCIA DEL DIA DE LA MUJER ",2018,enero-marzo,2018-01-01,2018-03-31,"Municipio de Chihuahua","Municipio de Chihuahua",Activo
480,Campañas,"Campaña de comunicación social"," INVITACION DE APROVECHAR EL PREDIAL",2018,enero-marzo,2018-01-01,2018-03-31,"Municipio de Chihuahua","Municipio de Chihuahua",Activo
481,Campañas,"Campaña de comunicación social"," EXPOVOCACIÓN",2018,enero-marzo,2018-01-01,2018-03-31,"Municipio de Chihuahua","Municipio de Chihuahua",Activo
482,Campañas,"Campaña de comunicación social","DIST.  HOMERO PREVIO  ",2018,enero-marzo,2018-01-01,2018-03-31,"Municipio de Chihuahua","Municipio de Chihuahua",Activo
483,Campañas,"Campaña de comunicación social","7 DE MARZO DIA INTERN DE LA MUJER",2018,enero-marzo,2018-01-01,2018-03-31,"Municipio de Chihuahua","Municipio de Chihuahua",Activo
484,Campañas,"Campaña de comunicación social","PREDIAL,TARJETA DE LA MUJER ",2018,enero-marzo,2018-01-01,2018-03-31,"Municipio de Chihuahua","Municipio de Chihuahua",Activo
485,Campañas,"Campaña de comunicación social","PUBLICACIÓN DE LP 15/18 BIS- OFICIALIA MAYOR.",2018,enero-marzo,2018-01-01,2018-03-31,"Municipio de Chihuahua","Municipio de Chihuahua",Activo
486,"Avisos Institucionales","Padrones de beneficiarios","apoyo descendientes de veteranos de la rev.",2019,abril-junio,2019-04-01,2019-06-30,"Municipio de Chihuahua","Municipio de Chihuahua",Activo
487,Campañas,"Campaña de comunicación social","PUBLICACIÓN DE BECAS DEPORTIVAS/ DCFD",2018,enero-marzo,2018-01-01,2018-03-31,"Municipio de Chihuahua","Municipio de Chihuahua",Activo
488,Campañas,"Campaña de comunicación social","PUBLICACIÓN DE ESCUDO SEMANA SANTA/ DIRECCION DE SEGURIDAD PUBLICA MUNICIPAL",2018,enero-marzo,2018-01-01,2018-03-31,"Municipio de Chihuahua","Municipio de Chihuahua",Activo
489,Campañas,"Campaña de comunicación social","PUBLICACION DE CORTE DE MES DE FEBRERO DE TESORERIA ",2018,enero-marzo,2018-01-01,2018-03-31,"Municipio de Chihuahua","Municipio de Chihuahua",Activo
490,Campañas,"Campaña de comunicación social","PUBLICACION DE CONVOCATORIA AGUSTIN MELGAR 2018/ SECRETARIA DEL AYUNTAMIENTO. ",2018,enero-marzo,2018-01-01,2018-03-31,"Municipio de Chihuahua","Municipio de Chihuahua",Activo
491,Campañas,"Campaña de promoción y publicidad","INVITACION  DE  BECAS DE TRANSPORTE ",2018,enero-marzo,2018-01-01,2018-03-31,"Municipio de Chihuahua","Municipio de Chihuahua",Activo
492,Campañas,"Campaña de comunicación social","PAGO DEL PREDIAL  DE ENERO ",2018,enero-marzo,2018-01-01,2018-03-31,"Municipio de Chihuahua","Municipio de Chihuahua",Activo
493,"Avisos Institucionales",Convocatorias,"conv. cabildo joven 2019",2019,abril-junio,2019-04-01,2019-06-30,"Municipio de Chihuahua","Municipio de Chihuahua",Activo
494,Campañas,"Campaña de comunicación social","DESC.  DEL PREDIAL",2018,enero-marzo,2018-01-01,2018-03-31,"Municipio de Chihuahua","Municipio de Chihuahua",Activo
495,Campañas,"Campaña de comunicación social","FIESTA DE LUZ  EN CENTRO/ CIUDAD MÁS LIMPIA ",2018,enero-marzo,2018-01-01,2018-03-31,"Municipio de Chihuahua","Municipio de Chihuahua",Activo
496,Campañas,"Campaña de comunicación social","BECAS DEPORTIVAS ",2018,enero-marzo,2018-01-01,2018-03-31,"Municipio de Chihuahua","Municipio de Chihuahua",Activo
497,Campañas,"Campaña de promoción y publicidad","RADIO EXPOVOCACIÓN 2018",2018,enero-marzo,2018-01-01,2018-03-31,"Municipio de Chihuahua","Municipio de Chihuahua",Activo
498,Campañas,"Campaña de comunicación social","SPOT BOX 10 DE MARZO",2018,enero-marzo,2018-01-01,2018-03-31,"Municipio de Chihuahua","Municipio de Chihuahua",Activo
499,Campañas,"Campaña de comunicación social","PREDIAL/ TAREJTA DE LA MUJER  ",2018,enero-marzo,2018-01-01,2018-03-31,"Municipio de Chihuahua","Municipio de Chihuahua",Activo
500,Campañas,"Campaña de comunicación social","PUBLICACIÓN DE LP 26/18 BIS- OFICIALIA MAYOR.",2018,enero-marzo,2018-01-01,2018-03-31,"Municipio de Chihuahua","Municipio de Chihuahua",Activo
501,Campañas,"Campaña de promoción y publicidad"," PUBLICACION DE TOUR EX HACIENDAS DE CHIHUAHUA/ DIRECCION DE DESARROLLO ECONOMICO Y TURISTICO.",2018,enero-marzo,2018-01-01,2018-03-31,"Municipio de Chihuahua","Municipio de Chihuahua",Activo
502,Campañas,"Campaña de comunicación social","INVITACION AL DESCUENTO DE PAGO DEL PREDIAL  DE MARZO ",2018,enero-marzo,2018-01-01,2018-03-31,"Municipio de Chihuahua","Municipio de Chihuahua",Activo
503,Campañas,"Campaña de comunicación social"," ACADEMICAS RURALES/ ESCUDO ESCOLAR/ 911/ DARE/ VISTAS CERRO",2018,enero-marzo,2018-01-01,2018-03-31,"Municipio de Chihuahua","Municipio de Chihuahua",Activo
504,Campañas,"Campaña de comunicación social","VEHÍCULOS ESPECIALES DSPM/ DISTRIBUIDOR HOMERO/  GRUTAS/ UACH C. COMUNITARIOS/ DRENAJE ",2018,enero-marzo,2018-01-01,2018-03-31,"Municipio de Chihuahua","Municipio de Chihuahua",Activo
505,Campañas,"Campaña de comunicación social","PREDIAL/ BECAS DE TRANSPORTE/  CHIHUAHUA APRENDE/  GAZA  JUVENTUD/ BECAS  DE DISCAPACIDAD ",2018,enero-marzo,2018-01-01,2018-03-31,"Municipio de Chihuahua","Municipio de Chihuahua",Activo
506,"Avisos Institucionales",Licitaciones,"licitacion o.m. 13/19",2019,abril-junio,2019-04-01,2019-06-30,"Municipio de Chihuahua","Municipio de Chihuahua",Activo
507,Campañas,"Campaña de comunicación social","PREDIAL/ TARJETA DE MI APOYO/ APLICION MARCA EL CAMBIO ",2018,enero-marzo,2018-01-01,2018-03-31,"Municipio de Chihuahua","Municipio de Chihuahua",Activo
